,Options,,,,N,Round,ADP,Players + Rookies (390),Rank,,N,Round,ADP,Rookie Pick,,N,Round,ADP,Custom1 Ranks 08/26-09/09 (376),Rank,,N,Round,ADP,Rookie Drafts (60),Rank,,N,Round,ADP,Players + Picks (361),,Rank,QB (56),ADP,Rank,RB (122),ADP,Rank,WR (152),ADP,Rank,TE (60),ADP
,,,,,1,1.01,1.2,Josh Allen BUF QB,QB1,,1,2.12,24.4,Rookie 1.01 Pick,,1,1.01,1.2,Josh Allen BUF QB,QB1,,1,1.01,1.0,Breece Hall NYJ RB,RB1,,1,1.01,1.2,Josh Allen BUF QB,,QB1,Josh Allen BUF QB,1.2,RB1,Jonathan Taylor IND RB,4.9,WR1,Ja'Marr Chase CIN WR,7.0,TE1,Kyle Pitts ATL TE,12.8
,Filters,,,,2,1.03,2.7,Patrick Mahomes KC QB,QB2,,2,4.05,41.1,Rookie 1.02 Pick,,2,1.02,2.3,Justin Herbert LAC QB,QB2,,2,1.03,3.0,Kenneth Walker SEA RB,RB2,,2,1.03,2.7,Patrick Mahomes KC QB,,QB2,Patrick Mahomes KC QB,2.7,RB2,Najee Harris PIT RB,11.3,WR2,Justin Jefferson MIN WR,8.4,TE2,Mark Andrews BAL TE,20.2
,Players ADP,May,,,3,1.03,2.8,Justin Herbert LAC QB,QB3,,3,5.04,51.5,Rookie 1.03 Pick,,3,1.03,3.1,Patrick Mahomes KC QB,QB3,,3,1.03,3.4,Drake London ATL WR,WR1,,3,1.03,2.8,Justin Herbert LAC QB,,QB3,Justin Herbert LAC QB,2.8,RB3,Javonte Williams DEN RB,16.8,WR3,CeeDee Lamb DAL WR,17.9,TE3,Travis Kelce KC TE,41.8
,Filter Rookies,FALSE,,,4,1.05,4.9,Jonathan Taylor IND RB,RB1,,4,5.12,60.0,Rookie 1.04 Pick,,4,1.05,5.0,Jonathan Taylor IND RB,RB1,,4,1.05,4.5,Treylon Burks TEN WR,WR2,,4,1.05,4.9,Jonathan Taylor IND RB,,QB4,Joe Burrow CIN QB,5.2,RB4,D'Andre Swift DET RB,17.5,WR4,Cooper Kupp LAR WR,18.7,TE4,George Kittle SF TE,42.8
,Picks ADP,Post Draft,,,5,1.05,5.2,Joe Burrow CIN QB,QB4,,5,6.06,65.6,Rookie 1.05 Pick,,5,1.06,5.8,Joe Burrow CIN QB,QB4,,5,1.05,4.7,Garrett Wilson NYJ WR,WR3,,5,1.05,5.2,Joe Burrow CIN QB,,QB5,Kyler Murray ARI QB,7.2,RB5,Christian McCaffrey CAR RB,19.3,WR5,A.J. Brown PHI WR,25.4,TE5,T.J. Hockenson DET TE,56.6
,Rookies ADP,May,,,6,1.07,7.0,Ja'Marr Chase CIN WR,WR1,,6,7.02,74.0,Rookie 1.06 Pick,,6,1.07,7.0,Justin Jefferson MIN WR,WR1,,6,1.07,6.9,Jameson Williams DET WR,WR4,,6,1.07,7.0,Ja'Marr Chase CIN WR,,QB6,Lamar Jackson BAL QB,7.9,RB6,Breece Hall NYJ RB,22.2,WR6,Deebo Samuel SF WR,28.1,TE6,Darren Waller LV TE,61.8
,Team Size,12,,,7,1.07,7.2,Kyler Murray ARI QB,QB5,,7,7.09,80.8,Rookie 1.07 Pick,,7,1.07,7.1,Lamar Jackson BAL QB,QB5,,7,1.07,6.9,Kenny Pickett PIT QB,QB1,,7,1.07,7.2,Kyler Murray ARI QB,,QB7,Dak Prescott DAL QB,12.5,RB7,Austin Ekeler LAC RB,25.9,WR7,Jaylen Waddle MIA WR,30.2,TE7,Dalton Schultz DAL TE,85.6
,TE Premium,All,,,8,1.08,7.9,Lamar Jackson BAL QB,QB6,,8,8.03,87.5,Rookie 1.08 Pick,,8,1.08,7.9,Ja'Marr Chase CIN WR,WR2,,8,1.08,7.6,Chris Olave NO WR,WR5,,8,1.08,7.9,Lamar Jackson BAL QB,,QB8,Deshaun Watson CLE QB,13.5,RB8,Joe Mixon CIN RB,29.0,WR8,Davante Adams LV WR,33.5,TE8,Pat Freiermuth PIT TE,86.9
,LeagueType,All,,,9,1.08,8.4,Justin Jefferson MIN WR,WR2,,9,8.09,93.1,Rookie 1.09 Pick,,9,1.08,8.2,Kyler Murray ARI QB,QB6,,9,1.10,9.7,Skyy Moore KC WR,WR6,,9,1.08,8.4,Justin Jefferson MIN WR,,QB9,Trey Lance SF QB,19.5,RB9,Dalvin Cook MIN RB,37.6,WR9,DK Metcalf SEA WR,34.4,TE9,Dallas Goedert PHI TE,88.0
,BestBall,All,,,10,1.11,11.3,Najee Harris PIT RB,RB2,,10,9.03,98.9,Rookie 1.10 Pick,,10,1.11,10.7,Kyle Pitts ATL TE,TE1,,10,1.10,10.2,Christian Watson GB WR,WR7,,10,1.11,11.3,Najee Harris PIT RB,,QB10,Russell Wilson DEN QB,21.0,RB10,Derrick Henry TEN RB,45.4,WR10,Tee Higgins CIN WR,35.1,TE10,Dawson Knox BUF TE,101.9
,PPR,All,,,11,1.12,12.5,Dak Prescott DAL QB,QB7,,11,9.09,105.2,Rookie 1.11 Pick,,11,2.01,12.9,Najee Harris PIT RB,RB2,,11,1.12,11.6,James Cook BUF RB,RB3,,11,1.12,12.5,Dak Prescott DAL QB,,QB11,Jalen Hurts PHI QB,22.6,RB11,Kenneth Walker SEA RB,45.6,WR11,Stefon Diggs BUF WR,36.6,TE11,Mike Gesicki MIA TE,118.7
,Custom Range Start and End,08/26/22,,,12,2.01,12.8,Kyle Pitts ATL TE,TE1,,12,10.02,109.5,Rookie 1.12 Pick,,12,2.02,14.0,Christian McCaffrey CAR RB,RB3,,12,2.01,12.8,George Pickens PIT WR,WR8,,12,2.01,12.8,Kyle Pitts ATL TE,,QB12,Trevor Lawrence JAX QB,26.5,RB12,Saquon Barkley NYG RB,45.9,WR12,Tyreek Hill MIA WR,39.6,TE12,Cole Kmet CHI TE,122.8
,,09/09/22,,,13,2.01,13.5,Deshaun Watson CLE QB,QB8,,13,10.08,116.4,Rookie 2.01 Pick,,13,2.02,14.4,Jalen Hurts PHI QB,QB7,,13,2.02,13.7,Jahan Dotson WAS WR,WR9,,13,2.01,13.5,Deshaun Watson CLE QB,,QB13,Matthew Stafford LAR QB,28.5,RB13,J.K. Dobbins BAL RB,46.9,WR13,Drake London ATL WR,45.9,TE13,Noah Fant SEA TE,125.7
,Custom2 Range Start and End,01/01/22,,,14,2.05,16.8,Javonte Williams DEN RB,RB3,,14,11.02,121.9,Rookie 2.02 Pick,,14,2.03,15.1,Dak Prescott DAL QB,QB8,,14,2.02,14.4,Malik Willis TEN QB,QB2,,14,2.05,16.8,Javonte Williams DEN RB,,QB14,Justin Fields CHI QB,33.4,RB14,Cam Akers LAR RB,47.8,WR14,DJ Moore CAR WR,49.4,TE14,Trey McBride ARI TE,133.9
,,07/31/22,,,15,2.05,17.5,D'Andre Swift DET RB,RB4,,15,11.08,128.1,Rookie 2.03 Pick,,15,2.04,16.2,Cooper Kupp LAR WR,WR3,,15,2.04,16.5,Desmond Ridder ATL QB,QB3,,15,2.05,17.5,D'Andre Swift DET RB,,QB15,Aaron Rodgers GB QB,47.1,RB15,Antonio Gibson WAS RB,48.1,WR15,Diontae Johnson PIT WR,49.7,TE15,Zach Ertz ARI TE,134.6
,Min Threshold,10,,,16,2.06,17.9,CeeDee Lamb DAL WR,WR3,,16,12.01,132.6,Rookie 2.04 Pick,,16,2.05,17.4,Javonte Williams DEN RB,RB4,,16,2.05,17.3,Isaiah Spiller LAC RB,RB4,,16,2.06,17.9,CeeDee Lamb DAL WR,,QB16,Tua Tagovailoa MIA QB,50.8,RB16,Nick Chubb CLE RB,48.2,WR16,Treylon Burks TEN WR,54.1,TE16,Albert Okwuegbunam DEN TE,139.7
,3RR Mode,FALSE,,,17,2.07,18.7,Cooper Kupp LAR WR,WR4,,17,12.07,138.9,Rookie 2.05 Pick,,17,2.06,18.0,Trey Lance SF QB,QB9,,17,2.05,17.4,Rachaad White TB RB,RB5,,17,2.07,18.7,Cooper Kupp LAR WR,,QB17,Derek Carr LV QB,50.8,RB17,Alvin Kamara NO RB,48.5,WR17,Garrett Wilson NYJ WR,56.6,TE17,Irv Smith MIN TE,143.0
,,,,,18,2.07,19.3,Christian McCaffrey CAR RB,RB5,,18,12.11,142.9,Rookie 2.06 Pick,,18,2.06,18.0,D'Andre Swift DET RB,RB5,,18,2.06,18.0,Dameon Pierce HOU RB,RB6,,18,2.07,19.3,Christian McCaffrey CAR RB,,QB18,Mac Jones NE QB,53.3,RB18,Travis Etienne JAX RB,50.0,WR18,Michael Pittman IND WR,58.4,TE18,Hunter Henry NE TE,151.8
,Draft Count with Current Filters,,,,19,2.07,19.5,Trey Lance SF QB,QB9,,19,13.04,148.3,Rookie 2.07 Pick,,19,2.06,18.2,CeeDee Lamb DAL WR,WR4,,19,2.08,19.9,David Bell CLE WR,WR10,,19,2.07,19.5,Trey Lance SF QB,,QB19,Zach Wilson NYJ QB,54.7,RB19,David Montgomery CHI RB,60.7,WR19,Terry McLaurin WAS WR,61.1,TE19,David Njoku CLE TE,164.7
,Filter,Startups,Rookie,,20,2.08,20.2,Mark Andrews BAL TE,TE2,,20,13.10,153.5,Rookie 2.08 Pick,,20,2.08,20.5,Mark Andrews BAL TE,TE2,,20,2.09,20.9,John Metchie HOU WR,WR11,,20,2.08,20.2,Mark Andrews BAL TE,,QB20,Kirk Cousins MIN QB,69.9,RB20,Josh Jacobs LV RB,70.0,WR20,Chris Godwin TB WR,61.9,TE20,Jelani Woods IND TE,170.0
,Startup+R,90,-,,21,2.09,21.0,Russell Wilson DEN QB,QB10,,21,14.03,158.8,Rookie 2.09 Pick,,21,2.09,20.9,Russell Wilson DEN QB,QB10,,21,2.09,21.0,Matt Corral CAR QB,QB4,,21,2.09,21.0,Russell Wilson DEN QB,,QB21,Kenny Pickett PIT QB,70.8,RB21,Aaron Jones GB RB,72.6,WR21,Jerry Jeudy DEN WR,66.9,TE21,Tyler Higbee LAR TE,182.2
,Startups+P,15,-,,22,2.10,22.2,Breece Hall NYJ RB,RB6,,22,14.08,164.2,Rookie 2.10 Pick,,22,2.09,21.3,Austin Ekeler LAC RB,RB6,,22,2.09,21.2,Alec Pierce IND WR,WR12,,22,2.11,22.6,Jalen Hurts PHI QB,,QB22,Tom Brady TB QB,85.4,RB22,Leonard Fournette TB RB,75.9,WR22,Jameson Williams DET WR,70.5,TE22,Brevin Jordan HOU TE,184.6
,Simple(No R/K),17,-,,23,2.11,22.6,Jalen Hurts PHI QB,QB11,,23,14.12,168.2,Rookie 2.11 Pick,,23,3.02,26.0,Joe Mixon CIN RB,RB7,,23,2.09,21.4,Trey McBride ARI TE,TE1,,23,2.12,24.4,Rookie 1.01 Pick,,QB23,Ryan Tannehill TEN QB,102.0,RB23,Ezekiel Elliott DAL RB,78.1,WR23,Chris Olave NO WR,71.7,TE23,Evan Engram JAX TE,184.7
,TE Premium,109,343,,24,3.01,25.4,A.J. Brown PHI WR,WR5,,24,15.05,172.9,Rookie 2.12 Pick,,24,3.02,26.3,Breece Hall NYJ RB,RB8,,24,2.12,24.5,Wan'Dale Robinson NYG WR,WR13,,24,3.01,25.4,A.J. Brown PHI WR,,QB24,Davis Mills HOU QB,104.9,RB24,Elijah Mitchell SF RB,79.0,WR24,DeVonta Smith PHI WR,72.4,TE24,Rob Gronkowski TE,193.8
,BestBall,9,10,,25,3.02,25.9,Austin Ekeler LAC RB,RB7,,25,15.10,177.9,Rookie 3.01 Pick,,25,3.05,28.9,A.J. Brown PHI WR,WR5,,25,3.01,24.9,Tyler Allgeier ATL RB,RB7,,25,3.02,25.9,Austin Ekeler LAC RB,,QB25,Jameis Winston NO QB,111.4,RB25,AJ Dillon GB RB,79.8,WR25,Elijah Moore NYJ WR,72.7,TE25,Robert Tonyan GB TE,193.9
,PPR,101,418,,26,3.02,26.5,Trevor Lawrence JAX QB,QB12,,26,16.02,182.2,Rookie 3.02 Pick,,26,3.06,30.4,Dalvin Cook MIN RB,RB9,,26,3.03,27.2,Zamir White LV RB,RB8,,26,3.02,26.5,Trevor Lawrence JAX QB,,QB26,Malik Willis TEN QB,120.1,RB26,James Conner ARI RB,83.6,WR26,Mike Evans TB WR,72.8,TE26,Greg Dulcich DEN TE,202.5
,12 TM,122,484,,27,3.04,28.1,Deebo Samuel SF WR,WR6,,27,16.08,187.6,Rookie 3.03 Pick,,27,3.06,30.4,Trevor Lawrence JAX QB,QB11,,27,3.03,27.4,Jalen Tolbert DAL WR,WR14,,27,3.04,28.1,Deebo Samuel SF WR,,QB27,Matt Ryan IND QB,121.2,RB27,James Cook BUF RB,90.0,WR27,Rashod Bateman BAL WR,77.1,TE27,Gerald Everett LAC TE,204.6
,Total No Filters,129,484,,28,3.04,28.5,Matthew Stafford LAR QB,QB13,,28,17.01,193.1,Rookie 3.04 Pick,,28,3.07,30.6,Stefon Diggs BUF WR,WR6,,28,3.05,28.5,Brian Robinson WAS RB,RB9,,28,3.04,28.5,Matthew Stafford LAR QB,,QB28,Desmond Ridder ATL QB,123.8,RB28,Clyde Edwards-Helaire KC RB,98.1,WR28,Marquise Brown ARI WR,78.3,TE28,Hayden Hurst CIN TE,212.0
,,,,,29,3.05,29.0,Joe Mixon CIN RB,RB8,,29,17.08,199.6,Rookie 3.05 Pick,,29,3.07,31.2,Deebo Samuel SF WR,WR7,,29,3.05,29.0,Sam Howell WAS QB,QB5,,29,3.05,29.0,Joe Mixon CIN RB,,QB29,Carson Wentz WAS QB,126.5,RB29,Miles Sanders PHI RB,103.0,WR29,Keenan Allen LAC WR,80.1,TE29,Logan Thomas WAS TE,214.8
,Draft Count,,,,30,3.06,30.2,Jaylen Waddle MIA WR,WR7,,30,18.01,204.5,Rookie 3.06 Pick,,30,3.07,31.3,Travis Kelce KC TE,TE3,,30,3.05,29.0,Tyrion Davis-Price SF RB,RB10,,30,3.06,30.2,Jaylen Waddle MIA WR,,QB30,Daniel Jones NYG QB,129.9,RB30,Damien Harris NE RB,107.2,WR30,Amon-Ra St.Brown DET WR,81.4,TE30,Adam Trautman NO TE,220.6
,Month,Startups,Rookie,,31,3.09,33.4,Justin Fields CHI QB,QB14,,31,18.07,211.0,Rookie 3.07 Pick,,31,3.08,31.8,Davante Adams LV WR,WR8,,31,3.08,32.5,Khalil Shakir BUF WR,WR15,,31,3.09,33.4,Justin Fields CHI QB,,QB31,Jared Goff DET QB,136.8,RB31,Tony Pollard DAL RB,110.5,WR31,Skyy Moore KC WR,81.8,TE31,Austin Hooper TEN TE,221.4
,InSeason,49,0,,32,3.09,33.5,Davante Adams LV WR,WR8,,32,18.11,214.8,Rookie 3.08 Pick,,32,3.08,31.9,Saquon Barkley NYG RB,RB10,,32,3.10,33.7,Jelani Woods IND TE,TE2,,32,3.09,33.5,Davante Adams LV WR,,QB32,Matt Corral CAR QB,141.2,RB32,Kareem Hunt CLE RB,117.5,WR32,Amari Cooper CLE WR,82.2,TE32,Tommy Tremble CAR TE,236.2
,Jan,109,0,,33,3.10,34.4,DK Metcalf SEA WR,WR9,,33,19.03,219.1,Rookie 3.09 Pick,,33,3.08,32.3,Derrick Henry TEN RB,RB11,,33,3.10,34.2,Tyquan Thornton NE WR,WR16,,33,3.10,34.4,DK Metcalf SEA WR,,QB33,Baker Mayfield CAR QB,157.8,RB33,Dameon Pierce HOU RB,117.8,WR33,Darnell Mooney CHI WR,83.9,TE33,Cade Otton TB TE,248.0
,Feb,113,4,,34,3.11,35.1,Tee Higgins CIN WR,WR10,,34,19.09,225.1,Rookie 3.10 Pick,,34,3.10,34.5,Tee Higgins CIN WR,WR9,,34,3.11,34.9,Keaontay Ingram ARI RB,RB11,,34,3.11,35.1,Tee Higgins CIN WR,,QB34,Marcus Mariota ATL QB,159.7,RB34,Rachaad White TB RB,118.6,WR34,Christian Watson GB WR,86.1,TE34,C.J. Uzomah NYJ TE,251.0
,Mar,149,18,,35,4.01,36.6,Stefon Diggs BUF WR,WR11,,35,20.03,230.7,Rookie 3.11 Pick,,35,3.12,36.3,Matthew Stafford LAR QB,QB12,,35,3.11,35.1,Kyren Williams LAR RB,RB12,,35,4.01,36.6,Stefon Diggs BUF WR,,QB35,Jimmy Garoppolo SF QB,173.8,RB35,Michael Carter NYJ RB,126.1,WR35,Courtland Sutton DEN WR,91.2,TE35,Daniel Bellinger NYG TE,254.1
,Apr,113,23,,36,4.02,37.6,Dalvin Cook MIN RB,RB9,,36,20.07,235.2,Rookie 3.12 Pick,,36,4.01,36.6,Deshaun Watson CLE QB,QB13,,36,3.12,35.8,Hassan Haskins TEN RB,RB13,,36,4.02,37.6,Dalvin Cook MIN RB,,QB36,Mitch Trubisky PIT QB,178.3,RB36,Isaiah Spiller LAC RB,128.0,WR36,Brandon Aiyuk SF WR,92.1,TE36,Jeremy Ruckert NYJ TE,255.9
,Pre Draft,484,45,,37,4.04,39.6,Tyreek Hill MIA WR,WR12,,37,20.10,238.1,Rookie 4.01 Pick,,37,4.01,37.1,Travis Etienne JAX RB,RB12,,37,4.01,36.6,Romeo Doubs GB WR,WR17,,37,4.04,39.6,Tyreek Hill MIA WR,,QB37,Sam Howell WAS QB,179.0,RB37,Chase Edmonds MIA RB,130.4,WR37,Mike Williams LAC WR,93.0,TE37,Jonnu Smith NE TE,261.7
,May,122,484,,38,4.06,41.8,Travis Kelce KC TE,TE3,,38,21.03,242.5,Rookie 4.02 Pick,,38,4.01,37.4,Jaylen Waddle MIA WR,WR10,,38,4.02,37.7,Greg Dulcich DEN TE,TE3,,38,4.05,41.1,Rookie 1.02 Pick,,QB38,Drew Lock SEA QB,186.6,RB38,Devin Singletary BUF RB,131.4,WR38,JuJu Smith-Schuster KC WR,99.0,TE38,Taysom Hill NO TE,265.0
,Jun,131,100,,39,4.07,42.8,George Kittle SF TE,TE4,,39,21.08,248.2,Rookie 4.03 Pick,,39,4.02,37.9,Justin Fields CHI QB,QB14,,39,4.03,38.5,Pierre Strong NE RB,RB14,,39,4.06,41.8,Travis Kelce KC TE,,QB39,Sam Darnold CAR QB,200.2,RB39,Rhamondre Stevenson NE RB,133.3,WR39,George Pickens PIT WR,102.6,TE39,Mo Alie-Cox IND TE,270.5
,Jul,152,139,,40,4.09,45.4,Derrick Henry TEN RB,RB10,,40,21.12,251.9,Rookie 4.04 Pick,,40,4.03,39.2,Alvin Kamara NO RB,RB13,,40,4.03,38.8,Justyn Ross KC WR,WR18,,40,4.07,42.8,George Kittle SF TE,,QB40,Jordan Love GB QB,203.4,RB40,Tyler Allgeier ATL RB,138.6,WR40,Gabe Davis BUF WR,103.3,TE40,Donald Parham LAC TE,271.5
,Aug,168,102,,41,4.10,45.6,Kenneth Walker SEA RB,RB11,,41,22.03,255.5,Rookie 4.05 Pick,,41,4.05,40.8,Michael Pittman IND WR,WR11,,41,4.04,39.8,Velus Jones CHI WR,WR19,,41,4.09,45.4,Derrick Henry TEN RB,,QB41,Tyler Huntley BAL QB,221.2,RB41,Rashaad Penny SEA RB,141.6,WR41,DeAndre Hopkins ARI WR,103.6,TE41,Harrison Bryant CLE TE,273.5
,Sep,39,16,,42,4.10,45.9,Saquon Barkley NYG RB,RB12,,42,22.09,260.9,Rookie 4.06 Pick,,42,4.05,41.0,Nick Chubb CLE RB,RB14,,42,4.04,39.9,Tyler Badie BAL RB,RB15,,42,4.10,45.9,Saquon Barkley NYG RB,,QB42,Kyle Trask TB QB,232.0,RB42,Alexander Mattison MIN RB,144.3,WR42,Michael Thomas NO WR,103.6,TE42,Chigoziem Okonkwo TEN TE,276.6
,Post Draft,612,841,,43,4.10,45.9,Drake London ATL WR,WR13,,43,23.02,266.0,Rookie 4.07 Pick,,43,4.05,41.4,Tyreek Hill MIA WR,WR12,,43,4.05,41.4,Calvin Austin PIT WR,WR20,,43,4.11,46.9,J.K. Dobbins BAL RB,,QB43,Gardner Minshew PHI QB,243.7,RB43,James Robinson JAX RB,145.0,WR43,Allen Robinson LAR WR,104.0,TE43,Charlie Kolar BAL TE,281.2
,All,1145,886,,44,4.11,46.9,J.K. Dobbins BAL RB,RB13,,44,23.05,269.2,Rookie 4.08 Pick,,44,4.09,44.8,DK Metcalf SEA WR,WR13,,44,4.07,43.3,Isiah Pacheco KC RB,RB16,,44,4.11,47.1,Aaron Rodgers GB QB,,QB44,Geno Smith SEA QB,256.9,RB44,Cordarrelle Patterson ATL RB,145.7,WR44,Hunter Renfrow LV WR,106.6,TE44,Cameron Brate TB TE,282.0
,Custom,61,41,,45,4.11,47.1,Aaron Rodgers GB QB,QB15,,45,23.09,273.2,Rookie 4.09 Pick,,45,4.09,45.0,Derek Carr LV QB,QB15,,45,4.09,44.5,Danny Gray SF WR,WR21,,45,4.12,47.8,Cam Akers LAR RB,,QB45,Teddy Bridgewater MIA QB,263.9,RB45,Ronald Jones KC RB,151.3,WR45,Jahan Dotson WAS WR,108.9,TE45,Isaiah Likely BAL TE,284.1
,,,,,46,4.12,47.8,Cam Akers LAR RB,RB14,,46,23.12,275.7,Rookie 4.10 Pick,,46,4.12,47.9,DJ Moore CAR WR,WR14,,46,4.09,44.8,Ty Chandler MIN RB,RB17,,46,4.12,48.1,Antonio Gibson WAS RB,,QB46,Jacoby Brissett CLE QB,265.6,RB46,Zamir White LV RB,154.8,WR46,Brandin Cooks HOU WR,110.0,TE46,Foster Moreau LV TE,286.3
,Tiers,Pick,Round,,47,4.12,48.1,Antonio Gibson WAS RB,RB15,,47,24.04,280.2,Rookie 4.11 Pick,,47,4.12,48.3,Tua Tagovailoa MIA QB,QB16,,47,4.09,45.4,Jerome Ford CLE RB,RB18,,47,4.12,48.2,Nick Chubb CLE RB,,QB47,Kellen Mond MIN QB,275.3,RB47,Melvin Gordon DEN RB,155.8,WR47,Chase Claypool PIT WR,111.0,TE47,Noah Gray KC TE,287.3
,Tier 1,24,2,,48,4.12,48.2,Nick Chubb CLE RB,RB16,,48,24.10,285.9,Rookie 4.12 Pick,,48,5.02,49.6,Drake London ATL WR,WR15,,48,4.09,45.5,Cade Otton TB TE,TE4,,48,4.12,48.5,Alvin Kamara NO RB,,QB48,Bailey Zappe NE QB,278.5,RB48,Tyrion Davis-Price SF RB,160.0,WR48,Kadarius Toney NYG WR,116.5,TE48,Jake Ferguson DAL TE,288.4
,Tier 2,48,4,,49,4.12,48.5,Alvin Kamara NO RB,RB17,,,,,,,49,5.02,50.1,George Kittle SF TE,TE4,,49,4.10,46.1,Kyle Philips TEN WR,WR22,,49,5.01,49.4,DJ Moore CAR WR,,QB49,Carson Strong PHI QB,287.0,RB49,Brian Robinson WAS RB,161.6,WR49,Christian Kirk JAX WR,123.6,TE49,O.J. Howard BUF TE,289.8
,Tier 3,72,6,,50,5.01,49.4,DJ Moore CAR WR,WR14,,,,,,,50,5.02,50.5,Aaron Jones GB RB,RB15,,50,4.10,46.2,Snoop Conner JAX RB,RB19,,50,5.02,49.7,Diontae Johnson PIT WR,,QB50,Taylor Heinicke WAS QB,293.9,RB50,Kenneth Gainwell PHI RB,167.7,WR50,Michael Gallup DAL WR,129.4,TE50,Ricky Seals-Jones NYG TE,294.8
,Tier 4,108,9,,51,5.02,49.7,Diontae Johnson PIT WR,WR15,,,,,,,51,5.03,51.5,Aaron Rodgers GB QB,QB17,,51,4.10,46.5,Jeremy Ruckert NYJ TE,TE5,,51,5.02,50.0,Travis Etienne JAX RB,,QB51,Tyrod Taylor NYG QB,306.6,RB51,Khalil Herbert CHI RB,168.0,WR51,David Bell CLE WR,129.7,TE51,Jalen Wydermyer NE TE,299.5
,Tier 5,132,11,,52,5.02,50.0,Travis Etienne JAX RB,RB18,,,,,,,52,5.05,53.4,Cam Akers LAR RB,RB16,,52,4.12,47.9,Bailey Zappe NE QB,QB6,,52,5.03,50.8,Tua Tagovailoa MIA QB,,QB52,Andy Dalton NO QB,325.3,RB52,Darrell Henderson LAR RB,168.6,WR52,Tyler Lockett SEA WR,133.2,TE52,Tyler Conklin NYJ TE,299.9
,Tier 6,180,15,,53,5.03,50.8,Tua Tagovailoa MIA QB,QB16,,,,,,,53,5.07,54.8,J.K. Dobbins BAL RB,RB17,,53,4.12,48.1,Kevin Harris NE RB,RB20,,53,5.03,50.8,Derek Carr LV QB,,QB53,Nick Foles IND QB,325.7,RB53,Chuba Hubbard CAR RB,172.5,WR53,John Metchie HOU WR,137.6,TE53,Kylen Granson IND TE,303.4
,Tier 7,420,35,,54,5.03,50.8,Derek Carr LV QB,QB16,,,,,,,54,5.09,57.0,Diontae Johnson PIT WR,WR16,,54,5.01,48.8,Carson Strong PHI QB,QB7,,54,5.04,51.5,Rookie 1.03 Pick,,QB54,Cam Newton QB,329.3,RB54,Keaontay Ingram ARI RB,175.5,WR54,Alec Pierce IND WR,138.4,TE54,John Bates WAS TE,304.9
,,,,,55,5.05,53.3,Mac Jones NE QB,QB18,,,,,,,55,5.10,57.6,Terry McLaurin WAS WR,WR17,,55,5.01,48.9,Bo Melton SEA WR,WR23,,55,5.05,53.3,Mac Jones NE QB,,QB55,Case Keenum BUF QB,330.1,RB55,Nyheim Hines IND RB,184.6,WR55,Adam Thielen MIN WR,139.6,TE55,Dan Arnold JAX TE,305.0
,,,,,56,5.06,54.1,Treylon Burks TEN WR,WR16,,,,,,,56,5.11,58.6,Mike Evans TB WR,WR18,,56,5.01,48.9,Daniel Bellinger NYG TE,TE6,,56,5.07,54.7,Zach Wilson NYJ QB,,QB56,Sam Ehlinger IND QB,332.0,RB56,Kyren Williams LAR RB,185.9,WR56,Rondale Moore ARI WR,141.0,TE56,Hunter Long MIA TE,320.4
,,,,,57,5.07,54.7,Zach Wilson NYJ QB,QB19,,,,,,,57,6.01,61.5,Leonard Fournette TB RB,RB18,,57,5.02,49.8,Isaiah Likely BAL TE,TE7,,57,5.09,56.6,T.J. Hockenson DET TE,,,,,RB57,Hassan Haskins TEN RB,188.6,WR57,Calvin Ridley ATL WR,142.1,TE57,Tre' McKitty LAC TE,328.1
,,,,,58,5.09,56.6,T.J. Hockenson DET TE,TE5,,,,,,,58,6.02,62.1,Kenneth Walker SEA RB,RB19,,58,5.02,50.4,Charlie Kolar BAL TE,TE8,,58,5.10,58.4,Michael Pittman IND WR,,,,,RB58,Marlon Mack HOU RB,196.1,WR58,Wan'Dale Robinson NYG WR,147.8,TE58,Josiah Deguara GB TE,330.6
,,,,,59,5.09,56.6,Garrett Wilson NYJ WR,WR17,,,,,,,59,6.04,63.8,Jerry Jeudy DEN WR,WR19,,59,5.03,50.7,Abram Smith NO RB,RB21,,59,5.12,60.0,Rookie 1.04 Pick,,,,,RB59,Gus Edwards BAL RB,197.4,WR59,Robert Woods TEN WR,150.5,TE59,Brycen Hopkins LAR TE,338.6
,,,,,60,5.10,58.4,Michael Pittman IND WR,WR18,,,,,,,60,6.04,63.8,AJ Dillon GB RB,RB20,,60,5.05,52.7,Chigoziem Okonkwo TEN TE,TE9,,60,6.01,60.7,David Montgomery CHI RB,,,,,RB60,Pierre Strong NE RB,198.1,WR60,Jalen Tolbert DAL WR,153.5,TE60,Cole Turner WAS TE,343.4
,,,,,61,6.01,60.7,David Montgomery CHI RB,RB19,,,,,,,61,6.07,66.6,Darren Waller LV TE,TE5,,61,5.05,52.7,Erik Ezukanma MIA WR,WR24,,61,6.01,61.1,Terry McLaurin WAS WR,,,,,RB61,Tyler Badie BAL RB,203.6,WR61,Jakobi Meyers NE WR,156.6,,,
,,,,,62,6.01,61.1,Terry McLaurin WAS WR,WR19,,,,,,,62,6.07,66.9,Keenan Allen LAC WR,WR20,,,,,,,,62,6.02,61.8,Darren Waller LV TE,,,,,RB62,Trey Sermon SF RB,203.6,WR62,Russell Gage TB WR,159.2,,,
,,,,,63,6.02,61.8,Darren Waller LV TE,TE6,,,,,,,63,6.08,67.5,Kirk Cousins MIN QB,QB18,,,,,,,,63,6.02,61.9,Chris Godwin TB WR,,,,,RB63,Jamaal Williams DET RB,211.3,WR63,Allen Lazard GB WR,160.0,,,
,,,,,64,6.02,61.9,Chris Godwin TB WR,WR20,,,,,,,64,6.08,67.9,Mac Jones NE QB,QB19,,,,,,,,64,6.06,65.6,Rookie 1.05 Pick,,,,,RB64,J.D. McKissic WAS RB,212.4,WR64,DJ Chark DET WR,161.2,,,
,,,,,65,6.07,66.9,Jerry Jeudy DEN WR,WR21,,,,,,,65,6.09,68.6,Courtland Sutton DEN WR,WR21,,,,,,,,65,6.07,66.9,Jerry Jeudy DEN WR,,,,,RB65,D'Onta Foreman CAR RB,218.4,WR65,Tyler Boyd CIN WR,162.1,,,
,,,,,66,6.10,69.9,Kirk Cousins MIN QB,QB20,,,,,,,66,6.10,69.7,Marquise Brown ARI WR,WR22,,,,,,,,66,6.10,69.9,Kirk Cousins MIN QB,,,,,RB66,Raheem Mostert MIA RB,221.0,WR66,Kenny Golladay NYG WR,172.4,,,
,,,,,67,6.10,70.0,Josh Jacobs LV RB,RB20,,,,,,,67,6.10,69.8,T.J. Hockenson DET TE,TE6,,,,,,,,67,6.10,70.0,Josh Jacobs LV RB,,,,,RB67,Sony Michel MIA RB,225.3,WR67,Khalil Shakir BUF WR,176.3,,,
,,,,,68,6.10,70.5,Jameson Williams DET WR,WR22,,,,,,,68,6.11,70.5,Tom Brady TB QB,QB20,,,,,,,,68,6.12,72.4,DeVonta Smith PHI WR,,,,,RB68,Isiah Pacheco KC RB,227.9,WR68,Laviska Shenault JAX WR,177.0,,,
,,,,,69,6.11,70.8,Kenny Pickett PIT QB,QB21,,,,,,,69,6.11,70.7,Chris Godwin TB WR,WR23,,,,,,,,69,7.01,72.6,Aaron Jones GB RB,,,,,RB69,D'Ernest Johnson CLE RB,235.6,WR69,Donovan Peoples-Jones CLE WR,181.4,,,
,,,,,70,6.12,71.7,Chris Olave NO WR,WR23,,,,,,,70,6.11,70.8,Rashod Bateman BAL WR,WR24,,,,,,,,70,7.01,72.7,Elijah Moore NYJ WR,,,,,RB70,Jerome Ford CLE RB,235.7,WR70,Mecole Hardman KC WR,183.1,,,
,,,,,71,6.12,72.4,DeVonta Smith PHI WR,WR24,,,,,,,71,6.11,70.9,James Conner ARI RB,RB21,,,,,,,,71,7.01,72.8,Mike Evans TB WR,,,,,RB71,Chris Carson RB,235.8,WR71,Nico Collins HOU WR,184.6,,,
,,,,,72,7.01,72.6,Aaron Jones GB RB,RB21,,,,,,,72,6.12,71.6,David Montgomery CHI RB,RB22,,,,,,,,72,7.02,74.0,Rookie 1.06 Pick,,,,,RB72,Ke'Shawn Vaughn TB RB,236.6,WR72,K.J. Osborn MIN WR,186.7,,,
,,,,,73,7.01,72.7,Elijah Moore NYJ WR,WR25,,,,,,,73,6.12,72.2,Mike Williams LAC WR,WR25,,,,,,,,73,7.04,75.9,Leonard Fournette TB RB,,,,,RB73,Snoop Conner JAX RB,237.5,WR73,Odell Beckham WR,187.2,,,
,,,,,74,7.01,72.8,Mike Evans TB WR,WR26,,,,,,,74,7.02,74.3,Amon-Ra St. Brown DET WR,WR26,,,,,,,,74,7.05,77.1,Rashod Bateman BAL WR,,,,,RB74,Ty Chandler MIN RB,240.7,WR74,Tyquan Thornton NE WR,188.1,,,
,,,,,75,7.04,75.9,Leonard Fournette TB RB,RB22,,,,,,,75,7.03,75.1,Treylon Burks TEN WR,WR27,,,,,,,,75,7.06,78.1,Ezekiel Elliott DAL RB,,,,,RB75,Eno Benjamin ARI RB,245.0,WR75,Marquez Valdes-Scantling KC WR,189.7,,,
,,,,,76,7.05,77.1,Rashod Bateman BAL WR,WR27,,,,,,,76,7.03,75.5,Ezekiel Elliott DAL RB,RB23,,,,,,,,76,7.06,78.3,Marquise Brown ARI WR,,,,,RB76,Myles Gaskin MIA RB,251.5,WR76,Joshua Palmer LAC WR,190.3,,,
,,,,,77,7.06,78.1,Ezekiel Elliott DAL RB,RB23,,,,,,,77,7.05,77.3,Elijah Moore NYJ WR,WR28,,,,,,,,77,7.07,79.0,Elijah Mitchell SF RB,,,,,RB77,Kevin Harris NE RB,253.2,WR77,Van Jefferson LAR WR,192.6,,,
,,,,,78,7.06,78.3,Marquise Brown ARI WR,WR28,,,,,,,78,7.07,78.5,Dameon Pierce HOU RB,RB24,,,,,,,,78,7.08,79.8,AJ Dillon GB RB,,,,,RB78,Darrel Williams ARI RB,254.1,WR78,Tim Patrick DEN WR,192.9,,,
,,,,,79,7.07,79.0,Elijah Mitchell SF RB,RB24,,,,,,,79,7.07,79.0,DeVonta Smith PHI WR,WR29,,,,,,,,79,7.08,80.1,Keenan Allen LAC WR,,,,,RB79,Kenyan Drake RB,257.5,WR79,Jarvis Landry NO WR,194.8,,,
,,,,,80,7.08,79.8,AJ Dillon GB RB,RB25,,,,,,,80,7.08,79.8,Dalton Schultz DAL TE,TE7,,,,,,,,80,7.09,80.8,Rookie 1.07 Pick,,,,,RB80,Chris Evans CIN RB,257.5,WR80,Curtis Samuel WAS WR,197.9,,,
,,,,,81,7.08,80.1,Keenan Allen LAC WR,WR29,,,,,,,81,7.09,80.6,Chris Olave NO WR,WR30,,,,,,,,81,7.09,81.4,Amon-Ra St. Brown DET WR,,,,,RB81,Abram Smith NO RB,257.6,WR81,DeVante Parker NE WR,199.1,,,
,,,,,82,7.09,81.4,Amon-Ra St. Brown DET WR,WR30,,,,,,,82,7.09,80.7,Elijah Mitchell SF RB,RB25,,,,,,,,82,7.10,82.2,Amari Cooper CLE WR,,,,,RB82,Mark Ingram NO RB,267.6,WR82,Romeo Doubs GB WR,200.7,,,
,,,,,83,7.10,81.8,Skyy Moore KC WR,WR31,,,,,,,83,7.09,80.8,Gabe Davis BUF WR,WR31,,,,,,,,83,7.12,83.6,James Conner ARI RB,,,,,RB83,Jaret Patterson WAS RB,272.0,WR83,Terrace Marshall CAR WR,205.8,,,
,,,,,84,7.10,82.2,Amari Cooper CLE WR,WR32,,,,,,,84,7.10,81.7,Josh Jacobs LV RB,RB26,,,,,,,,84,7.12,83.9,Darnell Mooney CHI WR,,,,,RB84,Samaje Perine CIN RB,274.3,WR84,Justyn Ross KC WR,208.9,,,
,,,,,85,7.12,83.6,James Conner ARI RB,RB26,,,,,,,85,7.12,83.7,Garrett Wilson NYJ WR,WR32,,,,,,,,85,8.01,85.4,Tom Brady TB QB,,,,,RB85,Zack Moss BUF RB,275.4,WR85,Velus Jones CHI WR,210.6,,,
,,,,,86,7.12,83.9,Darnell Mooney CHI WR,WR33,,,,,,,86,7.12,84.3,Darnell Mooney CHI WR,WR33,,,,,,,,86,8.02,85.6,Dalton Schultz DAL TE,,,,,RB86,Matt Breida NYG RB,278.3,WR86,Corey Davis NYJ WR,210.6,,,
,,,,,87,8.01,85.4,Tom Brady TB QB,QB22,,,,,,,87,8.02,85.7,Antonio Gibson WAS RB,RB27,,,,,,,,87,8.03,86.9,Pat Freiermuth PIT TE,,,,,RB87,Damien Williams ATL RB,278.5,WR87,William Fuller WR,211.9,,,
,,,,,88,8.02,85.6,Dalton Schultz DAL TE,TE7,,,,,,,88,8.05,89.1,Zach Wilson NYJ QB,QB21,,,,,,,,88,8.03,87.5,Rookie 1.08 Pick,,,,,RB88,Kennedy Brooks PHI RB,280.2,WR88,Calvin Austin PIT WR,217.7,,,
,,,,,89,8.02,86.1,Christian Watson GB WR,WR34,,,,,,,89,8.05,89.2,JuJu Smith-Schuster KC WR,WR34,,,,,,,,89,8.04,88.0,Dallas Goedert PHI TE,,,,,RB89,Jeff Wilson SF RB,290.5,WR89,Jamison Crowder BUF WR,222.0,,,
,,,,,90,8.03,86.9,Pat Freiermuth PIT TE,TE8,,,,,,,90,8.06,90.2,Kenny Pickett PIT QB,QB22,,,,,,,,90,8.07,91.2,Courtland Sutton DEN WR,,,,,RB90,Dontrell Hilliard TEN RB,294.1,WR90,KJ Hamler DEN WR,224.0,,,
,,,,,91,8.04,88.0,Dallas Goedert PHI TE,TE9,,,,,,,91,8.06,90.4,Jameson Williams DET WR,WR35,,,,,,,,91,8.08,92.1,Brandon Aiyuk SF WR,,,,,RB91,James White RB,294.2,WR91,Robbie Anderson CAR WR,230.1,,,
,,,,,92,8.06,90.0,James Cook BUF RB,RB27,,,,,,,92,8.08,91.8,Jameis Winston NO QB,QB23,,,,,,,,92,8.09,93.0,Mike Williams LAC WR,,,,,RB92,Mike Davis BAL RB,294.6,WR92,Kendrick Bourne NE WR,230.6,,,
,,,,,93,8.07,91.2,Courtland Sutton DEN WR,WR35,,,,,,,93,8.08,92.3,James Cook BUF RB,RB28,,,,,,,,93,8.09,93.1,Rookie 1.09 Pick,,,,,RB93,Justin Jackson DET RB,300.9,WR93,Danny Gray SF WR,233.1,,,
,,,,,94,8.08,92.1,Brandon Aiyuk SF WR,WR36,,,,,,,94,8.09,92.7,Dallas Goedert PHI TE,TE8,,,,,,,,94,9.02,98.1,Clyde Edwards-Helaire KC RB,,,,,RB94,Tony Jones NO RB,303.4,WR94,Bryan Edwards ATL WR,233.5,,,
,,,,,95,8.09,93.0,Mike Williams LAC WR,WR37,,,,,,,95,8.09,93.2,Clyde Edwards-Helaire KC RB,RB29,,,,,,,,95,9.03,98.9,Rookie 1.10 Pick,,,,,RB95,Boston Scott PHI RB,303.8,WR95,Amari Rodgers GB WR,236.1,,,
,,,,,96,9.02,98.1,Clyde Edwards-Helaire KC RB,RB28,,,,,,,96,8.12,96.5,Brandon Aiyuk SF WR,WR36,,,,,,,,96,9.03,99.0,JuJu Smith-Schuster KC WR,,,,,RB96,Derrius Guice RB,308.1,WR96,Julio Jones TB WR,237.6,,,
,,,,,97,9.03,99.0,JuJu Smith-Schuster KC WR,WR38,,,,,,,97,9.01,96.6,Pat Freiermuth PIT TE,TE9,,,,,,,,97,9.06,101.9,Dawson Knox BUF TE,,,,,RB97,Trestan Ebner CHI RB,310.6,WR97,Devin Duvernay BAL WR,239.0,,,
,,,,,98,9.06,101.9,Dawson Knox BUF TE,TE10,,,,,,,98,9.01,96.8,George Pickens PIT WR,WR37,,,,,,,,98,9.06,102.0,Ryan Tannehill TEN QB,,,,,RB98,Kene Nwangwu MIN RB,311.5,WR98,Kyle Philips TEN WR,239.0,,,
,,,,,99,9.06,102.0,Ryan Tannehill TEN QB,QB23,,,,,,,99,9.02,98.1,Allen Robinson LAR WR,WR38,,,,,,,,99,9.07,103.0,Miles Sanders PHI RB,,,,,RB99,Benny Snell PIT RB,311.6,WR99,Marquez Callaway NO WR,242.6,,,
,,,,,100,9.07,102.6,George Pickens PIT WR,WR39,,,,,,,100,9.04,100.4,Tony Pollard DAL RB,RB30,,,,,,,,100,9.07,103.3,Gabe Davis BUF WR,,,,,RB100,Kylin Hill GB RB,315.0,WR100,Parris Campbell IND WR,247.7,,,
,,,,,101,9.07,103.0,Miles Sanders PHI RB,RB29,,,,,,,101,9.05,100.7,Skyy Moore KC WR,WR39,,,,,,,,101,9.08,103.6,DeAndre Hopkins ARI WR,,,,,RB101,Jashaun Corbin NYG RB,315.1,WR101,Cedrick Wilson MIA WR,249.3,,,
,,,,,102,9.07,103.3,Gabe Davis BUF WR,WR40,,,,,,,102,9.06,101.8,Amari Cooper CLE WR,WR40,,,,,,,,102,9.08,103.6,Michael Thomas NO WR,,,,,RB102,Phillip Lindsay IND RB,318.3,WR102,A.J. Green ARI WR,258.9,,,
,,,,,103,9.08,103.6,DeAndre Hopkins ARI WR,WR41,,,,,,,103,9.08,103.9,Michael Thomas NO WR,WR41,,,,,,,,103,9.08,104.0,Allen Robinson LAR WR,,,,,RB103,Rex Burkhead HOU RB,319.1,WR103,Marvin Jones JAX WR,260.4,,,
,,,,,104,9.08,103.6,Michael Thomas NO WR,WR42,,,,,,,104,9.08,104.5,Rhamondre Stevenson NE RB,RB31,,,,,,,,104,9.09,104.9,Davis Mills HOU QB,,,,,RB104,Giovani Bernard TB RB,321.6,WR104,Zay Jones JAX WR,263.3,,,
,,,,,105,9.08,104.0,Allen Robinson LAR WR,WR43,,,,,,,105,9.09,105.1,Chase Edmonds MIA RB,RB32,,,,,,,,105,9.09,105.2,Rookie 1.11 Pick,,,,,RB105,ZaQuandre White MIA RB,323.3,WR105,Sammy Watkins GB WR,264.2,,,
,,,,,106,9.09,104.9,Davis Mills HOU QB,QB24,,,,,,,106,9.09,105.3,Brandin Cooks HOU WR,WR42,,,,,,,,106,9.11,106.6,Hunter Renfrow LV WR,,,,,RB106,Jermar Jefferson DET RB,325.8,WR106,James Washington DAL WR,264.5,,,
,,,,,107,9.11,106.6,Hunter Renfrow LV WR,WR44,,,,,,,107,9.10,106.2,Hunter Renfrow LV WR,WR43,,,,,,,,107,9.11,107.2,Damien Harris NE RB,,,,,RB107,Max Borghi PIT RB,326.7,WR107,Nick Westbrook-Ikhine TEN WR,266.4,,,
,,,,,108,9.11,107.2,Damien Harris NE RB,RB30,,,,,,,108,10.01,109.2,Dawson Knox BUF TE,TE10,,,,,,,,108,10.02,109.5,Rookie 1.12 Pick,,,,,RB108,Jerrion Ealy KC RB,328.4,WR108,Anthony Schwartz CLE WR,270.4,,,
,,,,,109,10.01,108.9,Jahan Dotson WAS WR,WR45,,,,,,,109,10.04,111.9,Christian Kirk JAX WR,WR44,,,,,,,,109,10.02,110.0,Brandin Cooks HOU WR,,,,,RB109,Derrick Gore RB,333.1,WR109,Sterling Shepard NYG WR,270.7,,,
,,,,,110,10.02,110.0,Brandin Cooks HOU WR,WR46,,,,,,,110,10.04,112.0,Cole Kmet CHI TE,TE11,,,,,,,,110,10.02,110.5,Tony Pollard DAL RB,,,,,RB110,Julius Chestnut TEN RB,333.6,WR110,Braxton Berrios NYJ WR,272.3,,,
,,,,,111,10.02,110.5,Tony Pollard DAL RB,RB31,,,,,,,111,10.05,113.4,Kareem Hunt CLE RB,RB33,,,,,,,,111,10.03,111.0,Chase Claypool PIT WR,,,,,RB111,Zonovan Knight NYJ RB,335.6,WR111,Olamide Zaccheaus ATL WR,272.6,,,
,,,,,112,10.03,111.0,Chase Claypool PIT WR,WR47,,,,,,,112,10.06,113.9,Jahan Dotson WAS WR,WR45,,,,,,,,112,10.03,111.4,Jameis Winston NO QB,,,,,RB112,Tyler Goodson GB RB,335.8,WR112,Bo Melton SEA WR,272.8,,,
,,,,,113,10.03,111.4,Jameis Winston NO QB,QB25,,,,,,,113,10.06,114.3,Matt Ryan IND QB,QB24,,,,,,,,113,10.08,116.4,Rookie 2.01 Pick,,,,,RB113,Mike Boone DEN RB,336.0,WR113,Dyami Brown WAS WR,279.2,,,
,,,,,114,10.08,116.5,Kadarius Toney NYG WR,WR48,,,,,,,114,10.06,114.4,Miles Sanders PHI RB,RB34,,,,,,,,114,10.08,116.5,Kadarius Toney NYG WR,,,,,RB114,Sincere McCormick LV RB,337.1,WR114,Jalen Guyton LAC WR,281.6,,,
,,,,,115,10.09,117.5,Kareem Hunt CLE RB,RB32,,,,,,,115,10.08,116.0,DeAndre Hopkins ARI WR,WR46,,,,,,,,115,10.09,117.5,Kareem Hunt CLE RB,,,,,RB115,Larry Rountree LAC RB,337.6,WR115,Jalen Reagor PHI WR,281.8,,,
,,,,,116,10.10,117.8,Dameon Pierce HOU RB,RB33,,,,,,,116,10.10,117.9,Davis Mills HOU QB,QB25,,,,,,,,116,10.11,118.7,Mike Gesicki MIA TE,,,,,RB116,Darrynton Evans CHI RB,338.4,WR116,Byron Pringle CHI WR,282.9,,,
,,,,,117,10.11,118.6,Rachaad White TB RB,RB34,,,,,,,117,10.11,119.4,Malik Willis TEN QB,QB26,,,,,,,,117,11.01,121.2,Matt Ryan IND QB,,,,,RB117,Jerick McKinnon KC RB,339.4,WR117,Quez Watkins PHI WR,284.5,,,
,,,,,118,10.11,118.7,Mike Gesicki MIA TE,TE11,,,,,,,118,10.12,120.0,Damien Harris NE RB,RB35,,,,,,,,118,11.02,121.9,Rookie 2.02 Pick,,,,,RB118,D'Vonte Price IND RB,339.4,WR118,Randall Cobb GB WR,288.1,,,
,,,,,119,10.12,120.1,Malik Willis TEN QB,QB26,,,,,,,119,10.12,120.5,Kadarius Toney NYG WR,WR47,,,,,,,,119,11.03,122.8,Cole Kmet CHI TE,,,,,RB119,Duke Johnson BUF RB,343.1,WR119,Tylan Wallace BAL WR,289.7,,,
,,,,,120,11.01,121.2,Matt Ryan IND QB,QB27,,,,,,,120,11.03,122.8,Ryan Tannehill TEN QB,QB27,,,,,,,,120,11.04,123.6,Christian Kirk JAX WR,,,,,RB120,Demetric Felton CLE RB,345.2,WR120,Ihmir Smith-Marsette MIN WR,296.0,,,
,,,,,121,11.03,122.8,Cole Kmet CHI TE,TE12,,,,,,,121,11.03,123.5,Devin Singletary BUF RB,RB36,,,,,,,,121,11.06,125.7,Noah Fant SEA TE,,,,,RB121,JaMycal Hasty SF RB,347.6,WR121,Dee Eskridge SEA WR,296.1,,,
,,,,,122,11.04,123.6,Christian Kirk JAX WR,WR49,,,,,,,122,11.04,123.8,Rashaad Penny SEA RB,RB37,,,,,,,,122,11.06,126.1,Michael Carter NYJ RB,,,,,RB122,Craig Reynolds DET RB,355.9,WR122,Jauan Jennings SF WR,296.6,,,
,,,,,123,11.04,123.8,Desmond Ridder ATL QB,QB28,,,,,,,123,11.04,124.0,Christian Watson GB WR,WR48,,,,,,,,123,11.07,126.5,Carson Wentz WAS QB,,,,,,,,WR123,Isaiah McKenzie BUF WR,297.4,,,
,,,,,124,11.06,125.7,Noah Fant SEA TE,TE13,,,,,,,124,11.05,125.0,Adam Thielen MIN WR,WR49,,,,,,,,124,11.08,128.1,Rookie 2.03 Pick,,,,,,,,WR124,Quintez Cephus DET WR,299.0,,,
,,,,,125,11.06,126.1,Michael Carter NYJ RB,RB35,,,,,,,125,11.06,126.0,Rachaad White TB RB,RB38,,,,,,,,125,11.09,129.4,Michael Gallup DAL WR,,,,,,,,WR125,Erik Ezukanma MIA WR,299.8,,,
,,,,,126,11.07,126.5,Carson Wentz WAS QB,QB29,,,,,,,126,11.07,126.5,Chase Claypool PIT WR,WR50,,,,,,,,126,11.10,129.9,Daniel Jones NYG QB,,,,,,,,WR126,Antonio Brown WR,304.4,,,
,,,,,127,11.08,128.0,Isaiah Spiller LAC RB,RB36,,,,,,,127,11.07,127.0,Allen Lazard GB WR,WR51,,,,,,,,127,11.10,130.4,Chase Edmonds MIA RB,,,,,,,,WR127,Darius Slayton NYG WR,307.2,,,
,,,,,128,11.09,129.4,Michael Gallup DAL WR,WR50,,,,,,,128,11.10,130.1,Baker Mayfield CAR QB,QB28,,,,,,,,128,11.11,131.4,Devin Singletary BUF RB,,,,,,,,WR128,Denzel Mims NYJ WR,313.1,,,
,,,,,129,11.10,129.7,David Bell CLE WR,WR51,,,,,,,129,11.12,132.3,Zach Ertz ARI TE,TE12,,,,,,,,129,12.01,132.6,Rookie 2.04 Pick,,,,,,,,WR129,Tutu Atwell LAR WR,315.5,,,
,,,,,130,11.10,129.9,Daniel Jones NYG QB,QB30,,,,,,,130,12.02,133.7,Jared Goff DET QB,QB29,,,,,,,,130,12.01,133.2,Tyler Lockett SEA WR,,,,,,,,WR130,Auden Tate WR,316.9,,,
,,,,,131,11.10,130.4,Chase Edmonds MIA RB,RB37,,,,,,,131,12.04,136.0,Tyler Allgeier ATL RB,RB39,,,,,,,,131,12.01,133.3,Rhamondre Stevenson NE RB,,,,,,,,WR131,N'Keal Harry CHI WR,317.3,,,
,,,,,132,11.11,131.4,Devin Singletary BUF RB,RB38,,,,,,,132,12.06,137.9,Daniel Jones NYG QB,QB30,,,,,,,,132,12.03,134.6,Zach Ertz ARI TE,,,,,,,,WR132,Josh Reynolds DET WR,319.0,,,
,,,,,133,12.01,133.2,Tyler Lockett SEA WR,WR52,,,,,,,133,12.06,138.0,Mike Gesicki MIA TE,TE13,,,,,,,,133,12.05,136.8,Jared Goff DET QB,,,,,,,,WR133,Josh Gordon KC WR,323.2,,,
,,,,,134,12.01,133.3,Rhamondre Stevenson NE RB,RB39,,,,,,,134,12.07,138.6,Michael Carter NYJ RB,RB40,,,,,,,,134,12.07,138.9,Rookie 2.05 Pick,,,,,,,,WR134,Antoine Wesley ARI WR,324.8,,,
,,,,,135,12.02,133.9,Trey McBride ARI TE,TE14,,,,,,,135,12.07,139.2,Michael Gallup DAL WR,WR52,,,,,,,,135,12.08,139.6,Adam Thielen MIN WR,,,,,,,,WR135,Tyler Johnson TB WR,325.4,,,
,,,,,136,12.03,134.6,Zach Ertz ARI TE,TE15,,,,,,,136,12.07,139.4,Alexander Mattison MIN RB,RB41,,,,,,,,136,12.08,139.7,Albert Okwuegbunam DEN TE,,,,,,,,WR136,Deonte Harty NO WR,325.6,,,
,,,,,137,12.05,136.8,Jared Goff DET QB,QB31,,,,,,,137,12.08,140.3,Alec Pierce IND WR,WR53,,,,,,,,137,12.09,141.0,Rondale Moore ARI WR,,,,,,,,WR137,James Proche BAL WR,326.1,,,
,,,,,138,12.06,137.6,John Metchie HOU WR,WR53,,,,,,,138,12.09,140.6,Desmond Ridder ATL QB,QB31,,,,,,,,138,12.10,141.6,Rashaad Penny SEA RB,,,,,,,,WR138,Jalen Nailor MIN WR,326.3,,,
,,,,,139,12.06,138.4,Alec Pierce IND WR,WR54,,,,,,,139,12.09,141.0,Brian Robinson WAS RB,RB42,,,,,,,,139,12.10,142.1,Calvin Ridley ATL WR,,,,,,,,WR139,Ashton Dulin IND WR,331.9,,,
,,,,,140,12.07,138.6,Tyler Allgeier ATL RB,RB40,,,,,,,140,12.10,142.0,Albert Okwuegbunam DEN TE,TE14,,,,,,,,140,12.11,142.9,Rookie 2.06 Pick,,,,,,,,WR140,Jacob Harris LAR WR,332.8,,,
,,,,,141,12.08,139.6,Adam Thielen MIN WR,WR55,,,,,,,141,12.11,142.8,Tyler Lockett SEA WR,WR54,,,,,,,,141,12.11,143.0,Irv Smith MIN TE,,,,,,,,WR141,Tre'Quan Smith NO WR,333.5,,,
,,,,,142,12.08,139.7,Albert Okwuegbunam DEN TE,TE16,,,,,,,142,12.11,143.2,Isaiah Spiller LAC RB,RB43,,,,,,,,142,12.12,144.3,Alexander Mattison MIN RB,,,,,,,,WR142,Nelson Agholor NE WR,335.4,,,
,,,,,143,12.09,141.0,Rondale Moore ARI WR,WR56,,,,,,,143,12.12,144.0,Carson Wentz WAS QB,QB32,,,,,,,,143,13.01,145.0,James Robinson JAX RB,,,,,,,,WR143,Laquon Treadwell JAX WR,336.0,,,
,,,,,144,12.09,141.2,Matt Corral CAR QB,QB32,,,,,,,144,12.12,144.4,Zamir White LV RB,RB44,,,,,,,,144,13.02,145.7,Cordarrelle Patterson ATL RB,,,,,,,,WR144,Jaelon Darden TB WR,337.5,,,
,,,,,145,12.10,141.6,Rashaad Penny SEA RB,RB41,,,,,,,145,13.01,144.8,Rondale Moore ARI WR,WR55,,,,,,,,145,13.04,148.3,Rookie 2.07 Pick,,,,,,,,WR145,Dez Fitzpatrick TEN WR,338.3,,,
,,,,,146,12.10,142.1,Calvin Ridley ATL WR,WR57,,,,,,,146,13.01,144.9,Irv Smith MIN TE,TE15,,,,,,,,146,13.07,150.5,Robert Woods TEN WR,,,,,,,,WR146,Cole Beasley WR,340.5,,,
,,,,,147,12.11,143.0,Irv Smith MIN TE,TE17,,,,,,,147,13.04,147.9,Robert Woods TEN WR,WR56,,,,,,,,147,13.07,151.3,Ronald Jones KC RB,,,,,,,,WR147,Kevin Austin JAX WR,342.0,,,
,,,,,148,12.12,144.3,Alexander Mattison MIN RB,RB42,,,,,,,148,13.05,148.9,James Robinson JAX RB,RB45,,,,,,,,148,13.08,151.8,Hunter Henry NE TE,,,,,,,,WR148,Equanimeous St. Brown CHI WR,342.1,,,
,,,,,149,13.01,145.0,James Robinson JAX RB,RB43,,,,,,,149,13.05,149.3,Cordarrelle Patterson ATL RB,RB46,,,,,,,,149,13.10,153.5,Rookie 2.08 Pick,,,,,,,,WR149,Dazz Newsome WR,343.1,,,
,,,,,150,13.02,145.7,Cordarrelle Patterson ATL RB,RB44,,,,,,,150,13.06,149.5,Noah Fant SEA TE,TE16,,,,,,,,150,13.12,155.8,Melvin Gordon DEN RB,,,,,,,,WR150,T.Y. Hilton WR,344.1,,,
,,,,,151,13.04,147.8,Wan'Dale Robinson NYG WR,WR58,,,,,,,151,13.06,149.7,Jalen Tolbert DAL WR,WR57,,,,,,,,151,14.01,156.6,Jakobi Meyers NE WR,,,,,,,,WR151,Zach Pascal PHI WR,346.2,,,
,,,,,152,13.07,150.5,Robert Woods TEN WR,WR59,,,,,,,152,13.08,151.6,Trey McBride ARI TE,TE17,,,,,,,,152,14.02,157.8,Baker Mayfield CAR QB,,,,,,,,WR152,Scott Miller TB WR,353.6,,,
,,,,,153,13.07,151.3,Ronald Jones KC RB,RB45,,,,,,,153,13.08,152.3,David Bell CLE WR,WR58,,,,,,,,153,14.03,158.8,Rookie 2.09 Pick,,,,,,,,,,,,,
,,,,,154,13.08,151.8,Hunter Henry NE TE,TE18,,,,,,,154,13.09,152.9,Kenneth Gainwell PHI RB,RB47,,,,,,,,154,14.03,159.2,Russell Gage TB WR,,,,,,,,,,,,,
,,,,,155,13.09,153.5,Jalen Tolbert DAL WR,WR60,,,,,,,155,13.10,153.8,David Njoku CLE TE,TE18,,,,,,,,155,14.04,159.7,Marcus Mariota ATL QB,,,,,,,,,,,,,
,,,,,156,13.11,154.8,Zamir White LV RB,RB46,,,,,,,156,13.10,154.0,Romeo Doubs GB WR,WR59,,,,,,,,156,14.04,160.0,Allen Lazard GB WR,,,,,,,,,,,,,
,,,,,157,13.12,155.8,Melvin Gordon DEN RB,RB47,,,,,,,157,13.12,155.9,Melvin Gordon DEN RB,RB48,,,,,,,,157,14.05,161.2,DJ Chark DET WR,,,,,,,,,,,,,
,,,,,158,14.01,156.6,Jakobi Meyers NE WR,WR61,,,,,,,158,13.12,156.1,Calvin Ridley ATL WR,WR60,,,,,,,,158,14.06,162.1,Tyler Boyd CIN WR,,,,,,,,,,,,,
,,,,,159,14.02,157.8,Baker Mayfield CAR QB,QB33,,,,,,,159,13.12,156.2,Wan'Dale Robinson NYG WR,WR61,,,,,,,,159,14.08,164.2,Rookie 2.10 Pick,,,,,,,,,,,,,
,,,,,160,14.03,159.2,Russell Gage TB WR,WR62,,,,,,,160,14.01,157.5,Darrell Henderson LAR RB,RB49,,,,,,,,160,14.09,164.7,David Njoku CLE TE,,,,,,,,,,,,,
,,,,,161,14.04,159.7,Marcus Mariota ATL QB,QB34,,,,,,,161,14.03,159.4,Nyheim Hines IND RB,RB50,,,,,,,,161,14.12,167.7,Kenneth Gainwell PHI RB,,,,,,,,,,,,,
,,,,,162,14.04,160.0,Tyrion Davis-Price SF RB,RB48,,,,,,,162,14.04,159.6,Marcus Mariota ATL QB,QB33,,,,,,,,162,14.12,168.0,Khalil Herbert CHI RB,,,,,,,,,,,,,
,,,,,163,14.04,160.0,Allen Lazard GB WR,WR63,,,,,,,163,14.05,160.5,Khalil Herbert CHI RB,RB51,,,,,,,,163,14.12,168.2,Rookie 2.11 Pick,,,,,,,,,,,,,
,,,,,164,14.05,161.2,DJ Chark DET WR,WR64,,,,,,,164,14.08,163.8,Hunter Henry NE TE,TE19,,,,,,,,164,15.01,168.6,Darrell Henderson LAR RB,,,,,,,,,,,,,
,,,,,165,14.06,161.6,Brian Robinson WAS RB,RB49,,,,,,,165,14.09,164.7,Tyler Boyd CIN WR,WR62,,,,,,,,165,15.04,172.4,Kenny Golladay NYG WR,,,,,,,,,,,,,
,,,,,166,14.06,162.1,Tyler Boyd CIN WR,WR65,,,,,,,166,14.10,165.8,Isiah Pacheco KC RB,RB52,,,,,,,,166,15.04,172.5,Chuba Hubbard CAR RB,,,,,,,,,,,,,
,,,,,167,14.09,164.7,David Njoku CLE TE,TE19,,,,,,,167,14.12,167.6,Tyrion Davis-Price SF RB,RB53,,,,,,,,167,15.05,172.9,Rookie 2.12 Pick,,,,,,,,,,,,,
,,,,,168,14.12,167.7,Kenneth Gainwell PHI RB,RB50,,,,,,,168,14.12,167.8,Jakobi Meyers NE WR,WR63,,,,,,,,168,15.06,173.8,Jimmy Garoppolo SF QB,,,,,,,,,,,,,
,,,,,169,14.12,168.0,Khalil Herbert CHI RB,RB51,,,,,,,169,15.01,169.4,Joshua Palmer LAC WR,WR64,,,,,,,,169,15.09,177.0,Laviska Shenault JAX WR,,,,,,,,,,,,,
,,,,,170,15.01,168.6,Darrell Henderson LAR RB,RB52,,,,,,,170,15.03,170.9,Marquez Valdes-Scantling KC WR,WR65,,,,,,,,170,15.10,177.9,Rookie 3.01 Pick,,,,,,,,,,,,,
,,,,,171,15.02,170.0,Jelani Woods IND TE,TE20,,,,,,,171,15.04,172.1,DJ Chark DET WR,WR66,,,,,,,,171,15.10,178.3,Mitch Trubisky PIT QB,,,,,,,,,,,,,
,,,,,172,15.04,172.4,Kenny Golladay NYG WR,WR66,,,,,,,172,15.04,172.1,Mitch Trubisky PIT QB,QB34,,,,,,,,172,16.01,181.4,Donovan Peoples-Jones CLE WR,,,,,,,,,,,,,
,,,,,173,15.04,172.5,Chuba Hubbard CAR RB,RB53,,,,,,,173,15.07,174.7,Nico Collins HOU WR,WR67,,,,,,,,173,16.02,182.2,Rookie 3.02 Pick,,,,,,,,,,,,,
,,,,,174,15.06,173.8,Jimmy Garoppolo SF QB,QB35,,,,,,,174,15.08,176.3,Mecole Hardman KC WR,WR68,,,,,,,,174,16.02,182.2,Tyler Higbee LAR TE,,,,,,,,,,,,,
,,,,,175,15.08,175.5,Keaontay Ingram ARI RB,RB54,,,,,,,175,15.09,176.8,K.J. Osborn MIN WR,WR69,,,,,,,,175,16.03,183.1,Mecole Hardman KC WR,,,,,,,,,,,,,
,,,,,176,15.08,176.3,Khalil Shakir BUF WR,WR67,,,,,,,176,15.10,178.1,Isaiah Likely BAL TE,TE20,,,,,,,,176,16.05,184.6,Brevin Jordan HOU TE,,,,,,,,,,,,,
,,,,,177,15.09,177.0,Laviska Shenault JAX WR,WR68,,,,,,,177,15.10,178.2,Russell Gage TB WR,WR70,,,,,,,,177,16.05,184.6,Nyheim Hines IND RB,,,,,,,,,,,,,
,,,,,178,15.10,178.3,Mitch Trubisky PIT QB,QB36,,,,,,,178,15.11,179.3,Tyler Higbee LAR TE,TE21,,,,,,,,178,16.05,184.6,Nico Collins HOU WR,,,,,,,,,,,,,
,,,,,179,15.11,179.0,Sam Howell WAS QB,QB37,,,,,,,179,16.01,181.2,Jelani Woods IND TE,TE22,,,,,,,,179,16.05,184.7,Evan Engram JAX TE,,,,,,,,,,,,,
,,,,,180,16.01,181.4,Donovan Peoples-Jones CLE WR,WR69,,,,,,,180,16.02,181.9,Jarvis Landry NO WR,WR71,,,,,,,,180,16.07,186.6,Drew Lock SEA QB,,,,,,,,,,,,,
,,,,,181,16.02,182.2,Tyler Higbee LAR TE,TE21,,,,,,,181,16.10,190.2,Jamaal Williams DET RB,RB54,,,,,,,,181,16.07,186.7,K.J. Osborn MIN WR,,,,,,,,,,,,,
,,,,,182,16.03,183.1,Mecole Hardman KC WR,WR70,,,,,,,182,16.11,191.4,Evan Engram JAX TE,TE23,,,,,,,,182,16.07,187.2,Odell Beckham WR,,,,,,,,,,,,,
,,,,,183,16.05,184.6,Brevin Jordan HOU TE,TE22,,,,,,,183,16.12,191.5,DeVante Parker NE WR,WR72,,,,,,,,183,16.08,187.6,Rookie 3.03 Pick,,,,,,,,,,,,,
,,,,,184,16.05,184.6,Nyheim Hines IND RB,RB55,,,,,,,184,17.01,192.8,Brevin Jordan HOU TE,TE24,,,,,,,,184,16.10,189.7,Marquez Valdes-Scantling KC WR,,,,,,,,,,,,,
,,,,,185,16.05,184.6,Nico Collins HOU WR,WR71,,,,,,,185,17.01,193.0,Khalil Shakir BUF WR,WR73,,,,,,,,185,16.10,190.3,Joshua Palmer LAC WR,,,,,,,,,,,,,
,,,,,186,16.05,184.7,Evan Engram JAX TE,TE23,,,,,,,186,17.02,193.7,Isaiah McKenzie BUF WR,WR74,,,,,,,,186,17.01,192.6,Van Jefferson LAR WR,,,,,,,,,,,,,
,,,,,187,16.06,185.9,Kyren Williams LAR RB,RB56,,,,,,,187,17.03,194.9,Julio Jones TB WR,WR75,,,,,,,,187,17.01,192.9,Tim Patrick DEN WR,,,,,,,,,,,,,
,,,,,188,16.07,186.6,Drew Lock SEA QB,QB38,,,,,,,188,17.03,194.9,Chuba Hubbard CAR RB,RB55,,,,,,,,188,17.01,193.1,Rookie 3.04 Pick,,,,,,,,,,,,,
,,,,,189,16.07,186.7,K.J. Osborn MIN WR,WR72,,,,,,,189,17.05,196.6,KJ Hamler DEN WR,WR76,,,,,,,,189,17.02,193.8,Rob Gronkowski TE,,,,,,,,,,,,,
,,,,,190,16.07,187.2,Odell Beckham WR,WR73,,,,,,,190,17.05,196.9,John Metchie HOU WR,WR77,,,,,,,,190,17.02,193.9,Robert Tonyan GB TE,,,,,,,,,,,,,
,,,,,191,16.08,188.1,Tyquan Thornton NE WR,WR74,,,,,,,191,17.05,197.2,Robert Tonyan GB TE,TE25,,,,,,,,191,17.03,194.8,Jarvis Landry NO WR,,,,,,,,,,,,,
,,,,,192,16.09,188.6,Hassan Haskins TEN RB,RB57,,,,,,,192,17.05,197.2,Gerald Everett LAC TE,TE25,,,,,,,,192,17.04,196.1,Marlon Mack HOU RB,,,,,,,,,,,,,
,,,,,193,16.10,189.7,Marquez Valdes-Scantling KC WR,WR75,,,,,,,193,17.05,197.3,Donovan Peoples-Jones CLE WR,WR78,,,,,,,,193,17.05,197.4,Gus Edwards BAL RB,,,,,,,,,,,,,
,,,,,194,16.10,190.3,Joshua Palmer LAC WR,WR76,,,,,,,194,17.07,198.6,J.D. McKissic WAS RB,RB56,,,,,,,,194,17.06,197.9,Curtis Samuel WAS WR,,,,,,,,,,,,,
,,,,,195,17.01,192.6,Van Jefferson LAR WR,WR77,,,,,,,195,17.07,199.0,Jimmy Garoppolo SF QB,QB35,,,,,,,,195,17.07,199.1,DeVante Parker NE WR,,,,,,,,,,,,,
,,,,,196,17.01,192.9,Tim Patrick DEN WR,WR78,,,,,,,196,17.09,200.8,Sam Howell WAS QB,QB36,,,,,,,,196,17.08,199.6,Rookie 3.05 Pick,,,,,,,,,,,,,
,,,,,197,17.02,193.8,Rob Gronkowski TE,TE24,,,,,,,197,17.09,201.0,Kenny Golladay NYG WR,WR79,,,,,,,,197,17.08,200.2,Sam Darnold CAR QB,,,,,,,,,,,,,
,,,,,198,17.02,193.9,Robert Tonyan GB TE,TE25,,,,,,,198,17.09,201.3,Hassan Haskins TEN RB,RB57,,,,,,,,198,17.11,203.4,Jordan Love GB QB,,,,,,,,,,,,,
,,,,,199,17.03,194.8,Jarvis Landry NO WR,WR79,,,,,,,199,17.11,202.6,Austin Hooper TEN TE,TE27,,,,,,,,199,17.12,203.6,Trey Sermon SF RB,,,,,,,,,,,,,
,,,,,200,17.04,196.1,Marlon Mack HOU RB,RB58,,,,,,,200,17.11,202.6,Keaontay Ingram ARI RB,RB58,,,,,,,,200,18.01,204.5,Rookie 3.06 Pick,,,,,,,,,,,,,
,,,,,201,17.05,197.4,Gus Edwards BAL RB,RB59,,,,,,,201,18.01,205.0,Hayden Hurst CIN TE,TE28,,,,,,,,201,18.01,204.6,Gerald Everett LAC TE,,,,,,,,,,,,,
,,,,,202,17.06,197.9,Curtis Samuel WAS WR,WR80,,,,,,,202,18.03,206.6,Kyren Williams LAR RB,RB59,,,,,,,,202,18.02,205.8,Terrace Marshall CAR WR,,,,,,,,,,,,,
,,,,,203,17.06,198.1,Pierre Strong NE RB,RB60,,,,,,,203,18.03,206.7,Odell Beckham WR,WR80,,,,,,,,203,18.07,210.6,Corey Davis NYJ WR,,,,,,,,,,,,,
,,,,,204,17.07,199.1,DeVante Parker NE WR,WR81,,,,,,,204,18.03,207.4,Ronald Jones KC RB,RB60,,,,,,,,204,18.07,211.0,Rookie 3.07 Pick,,,,,,,,,,,,,
,,,,,205,17.08,200.2,Sam Darnold CAR QB,QB39,,,,,,,205,18.03,207.4,Van Jefferson LAR WR,WR81,,,,,,,,205,18.07,211.3,Jamaal Williams DET RB,,,,,,,,,,,,,
,,,,,206,17.09,200.7,Romeo Doubs GB WR,WR82,,,,,,,206,18.04,208.3,Tyquan Thornton NE WR,WR82,,,,,,,,206,18.08,211.9,William Fuller WR,,,,,,,,,,,,,
,,,,,207,17.11,202.5,Greg Dulcich DEN TE,TE26,,,,,,,207,18.05,209.4,Devin Duvernay BAL WR,WR83,,,,,,,,207,18.08,212.0,Hayden Hurst CIN TE,,,,,,,,,,,,,
,,,,,208,17.11,203.4,Jordan Love GB QB,QB40,,,,,,,208,18.07,210.8,Geno Smith SEA QB,QB37,,,,,,,,208,18.08,212.4,J.D. McKissic WAS RB,,,,,,,,,,,,,
,,,,,209,17.12,203.6,Tyler Badie BAL RB,RB61,,,,,,,209,18.07,211.4,Greg Dulcich DEN TE,TE29,,,,,,,,209,18.11,214.8,Logan Thomas WAS TE,,,,,,,,,,,,,
,,,,,210,17.12,203.6,Trey Sermon SF RB,RB62,,,,,,,210,18.08,211.7,Raheem Mostert MIA RB,RB61,,,,,,,,210,18.11,214.8,Rookie 3.08 Pick,,,,,,,,,,,,,
,,,,,211,18.01,204.6,Gerald Everett LAC TE,TE27,,,,,,,211,18.08,211.9,Laviska Shenault JAX WR,WR84,,,,,,,,211,19.02,218.4,D'Onta Foreman CAR RB,,,,,,,,,,,,,
,,,,,212,18.02,205.8,Terrace Marshall CAR WR,WR83,,,,,,,212,18.08,212.2,Daniel Bellinger NYG TE,TE30,,,,,,,,212,19.03,219.1,Rookie 3.09 Pick,,,,,,,,,,,,,
,,,,,213,18.05,208.9,Justyn Ross KC WR,WR84,,,,,,,213,18.09,213.2,Curtis Samuel WAS WR,WR85,,,,,,,,213,19.05,220.6,Adam Trautman NO TE,,,,,,,,,,,,,
,,,,,214,18.07,210.6,Velus Jones CHI WR,WR85,,,,,,,214,18.11,215.4,Eno Benjamin ARI RB,RB62,,,,,,,,214,19.05,221.0,Raheem Mostert MIA RB,,,,,,,,,,,,,
,,,,,215,18.07,210.6,Corey Davis NYJ WR,WR86,,,,,,,215,18.12,215.5,Jordan Love GB QB,QB38,,,,,,,,215,19.05,221.2,Tyler Huntley BAL QB,,,,,,,,,,,,,
,,,,,216,18.07,211.3,Jamaal Williams DET RB,RB63,,,,,,,216,18.12,215.8,Jacoby Brissett CLE QB,QB39,,,,,,,,216,19.05,221.4,Austin Hooper TEN TE,,,,,,,,,,,,,
,,,,,217,18.08,211.9,William Fuller WR,WR87,,,,,,,217,19.05,221.4,D'Onta Foreman CAR RB,RB63,,,,,,,,217,19.06,222.0,Jamison Crowder BUF WR,,,,,,,,,,,,,
,,,,,218,18.08,212.0,Hayden Hurst CIN TE,TE28,,,,,,,218,19.06,222.3,Parris Campbell IND WR,WR86,,,,,,,,218,19.08,224.0,KJ Hamler DEN WR,,,,,,,,,,,,,
,,,,,219,18.08,212.4,J.D. McKissic WAS RB,RB64,,,,,,,219,19.08,223.8,Pierre Strong NE RB,RB64,,,,,,,,219,19.09,225.1,Rookie 3.10 Pick,,,,,,,,,,,,,
,,,,,220,18.11,214.8,Logan Thomas WAS TE,TE29,,,,,,,220,19.10,225.9,Kyle Philips TEN WR,WR87,,,,,,,,220,19.09,225.3,Sony Michel MIA RB,,,,,,,,,,,,,
,,,,,221,19.02,217.7,Calvin Austin PIT WR,WR88,,,,,,,221,19.10,226.5,Terrace Marshall CAR WR,WR88,,,,,,,,221,20.02,230.1,Robbie Anderson CAR WR,,,,,,,,,,,,,
,,,,,222,19.02,218.4,D'Onta Foreman CAR RB,RB65,,,,,,,222,19.11,227.5,Mark Ingram NO RB,RB65,,,,,,,,222,20.03,230.6,Kendrick Bourne NE WR,,,,,,,,,,,,,
,,,,,223,19.05,220.6,Adam Trautman NO TE,TE30,,,,,,,223,19.12,227.7,Sammy Watkins GB WR,WR89,,,,,,,,223,20.03,230.7,Rookie 3.11 Pick,,,,,,,,,,,,,
,,,,,224,19.05,221.0,Raheem Mostert MIA RB,RB66,,,,,,,224,19.12,228.1,Velus Jones CHI WR,WR90,,,,,,,,224,20.04,232.0,Kyle Trask TB QB,,,,,,,,,,,,,
,,,,,225,19.05,221.2,Tyler Huntley BAL QB,QB41,,,,,,,225,20.01,229.0,Gus Edwards BAL RB,RB66,,,,,,,,225,20.05,233.5,Bryan Edwards ATL WR,,,,,,,,,,,,,
,,,,,226,19.05,221.4,Austin Hooper TEN TE,TE31,,,,,,,226,20.04,231.5,Jeff Wilson SF RB,RB67,,,,,,,,226,20.07,235.2,Rookie 3.12 Pick,,,,,,,,,,,,,
,,,,,227,19.06,222.0,Jamison Crowder BUF WR,WR89,,,,,,,227,20.04,231.8,Tyler Huntley BAL QB,QB40,,,,,,,,227,20.08,235.6,D'Ernest Johnson CLE RB,,,,,,,,,,,,,
,,,,,228,19.08,224.0,KJ Hamler DEN WR,WR90,,,,,,,228,20.04,232.0,Matt Corral CAR QB,QB41,,,,,,,,228,20.08,235.8,Chris Carson RB,,,,,,,,,,,,,
,,,,,229,19.09,225.3,Sony Michel MIA RB,RB67,,,,,,,229,20.06,233.7,Trey Sermon SF RB,RB68,,,,,,,,229,20.08,236.1,Amari Rodgers GB WR,,,,,,,,,,,,,
,,,,,230,19.12,227.9,Isiah Pacheco KC RB,RB68,,,,,,,230,20.09,236.5,Drew Lock SEA QB,QB42,,,,,,,,230,20.08,236.2,Tommy Tremble CAR TE,,,,,,,,,,,,,
,,,,,231,20.02,230.1,Robbie Anderson CAR WR,WR91,,,,,,,231,20.09,237.2,Logan Thomas WAS TE,TE31,,,,,,,,231,20.09,236.6,Ke'Shawn Vaughn TB RB,,,,,,,,,,,,,
,,,,,232,20.03,230.6,Kendrick Bourne NE WR,WR92,,,,,,,232,20.10,237.5,Danny Gray SF WR,WR91,,,,,,,,232,20.10,237.6,Julio Jones TB WR,,,,,,,,,,,,,
,,,,,233,20.04,232.0,Kyle Trask TB QB,QB42,,,,,,,233,20.12,239.6,Bryan Edwards ATL WR,WR92,,,,,,,,233,20.10,238.1,Rookie 4.01 Pick,,,,,,,,,,,,,
,,,,,234,20.05,233.1,Danny Gray SF WR,WR93,,,,,,,234,20.12,240.0,Corey Davis NYJ WR,WR93,,,,,,,,234,20.11,239.0,Devin Duvernay BAL WR,,,,,,,,,,,,,
,,,,,235,20.05,233.5,Bryan Edwards ATL WR,WR94,,,,,,,235,21.01,240.7,D'Ernest Johnson CLE RB,RB69,,,,,,,,235,21.03,242.5,Rookie 4.02 Pick,,,,,,,,,,,,,
,,,,,236,20.08,235.6,D'Ernest Johnson CLE RB,RB69,,,,,,,236,21.01,241.5,Ty Chandler MIN RB,RB70,,,,,,,,236,21.03,242.6,Marquez Callaway NO WR,,,,,,,,,,,,,
,,,,,237,20.08,235.7,Jerome Ford CLE RB,RB70,,,,,,,237,21.03,242.6,Sony Michel MIA RB,RB71,,,,,,,,237,21.04,243.7,Gardner Minshew PHI QB,,,,,,,,,,,,,
,,,,,238,20.08,235.8,Chris Carson RB,RB71,,,,,,,238,21.03,243.1,Robbie Anderson CAR WR,WR94,,,,,,,,238,21.05,245.0,Eno Benjamin ARI RB,,,,,,,,,,,,,
,,,,,239,20.08,236.1,Amari Rodgers GB WR,WR95,,,,,,,239,21.04,243.7,Kenyan Drake RB,RB72,,,,,,,,239,21.08,247.7,Parris Campbell IND WR,,,,,,,,,,,,,
,,,,,240,20.08,236.2,Tommy Tremble CAR TE,TE32,,,,,,,240,21.04,244.4,Nick Westbrook-Ikhine TEN WR,WR95,,,,,,,,240,21.08,248.2,Rookie 4.03 Pick,,,,,,,,,,,,,
,,,,,241,20.09,236.6,Ke'Shawn Vaughn TB RB,RB72,,,,,,,241,21.05,244.6,Marlon Mack HOU RB,RB73,,,,,,,,241,21.09,249.3,Cedrick Wilson MIA WR,,,,,,,,,,,,,
,,,,,242,20.09,237.5,Snoop Conner JAX RB,RB73,,,,,,,242,21.06,245.9,Tyler Badie BAL RB,RB74,,,,,,,,242,21.11,251.0,C.J. Uzomah NYJ TE,,,,,,,,,,,,,
,,,,,243,20.10,237.6,Julio Jones TB WR,WR96,,,,,,,243,21.06,246.4,Dontrell Hilliard TEN RB,RB75,,,,,,,,243,21.11,251.5,Myles Gaskin MIA RB,,,,,,,,,,,,,
,,,,,244,20.11,239.0,Devin Duvernay BAL WR,WR97,,,,,,,244,21.07,247.0,Zay Jones JAX WR,WR96,,,,,,,,244,21.12,251.9,Rookie 4.04 Pick,,,,,,,,,,,,,
,,,,,245,20.11,239.0,Kyle Philips TEN WR,WR98,,,,,,,245,21.07,247.3,Jerome Ford CLE RB,RB76,,,,,,,,245,22.02,254.1,Darrel Williams ARI RB,,,,,,,,,,,,,
,,,,,246,21.01,240.7,Ty Chandler MIN RB,RB74,,,,,,,246,21.08,247.5,Darrel Williams ARI RB,RB77,,,,,,,,246,22.03,255.5,Rookie 4.05 Pick,,,,,,,,,,,,,
,,,,,247,21.03,242.6,Marquez Callaway NO WR,WR99,,,,,,,247,21.08,248.4,Kyle Trask TB QB,QB43,,,,,,,,247,22.05,256.9,Geno Smith SEA QB,,,,,,,,,,,,,
,,,,,248,21.04,243.7,Gardner Minshew PHI QB,QB43,,,,,,,248,21.09,248.7,Cade Otton TB TE,TE32,,,,,,,,248,22.05,257.5,Kenyan Drake RB,,,,,,,,,,,,,
,,,,,249,21.05,245.0,Eno Benjamin ARI RB,RB75,,,,,,,249,21.09,248.9,Marvin Jones JAX WR,WR97,,,,,,,,249,22.05,257.5,Chris Evans CIN RB,,,,,,,,,,,,,
,,,,,250,21.08,247.7,Parris Campbell IND WR,WR100,,,,,,,250,21.12,252.0,Jake Ferguson DAL TE,TE33,,,,,,,,250,22.07,258.9,A.J. Green ARI WR,,,,,,,,,,,,,
,,,,,251,21.08,248.0,Cade Otton TB TE,TE33,,,,,,,251,21.12,252.4,Snoop Conner JAX RB,RB78,,,,,,,,251,22.08,260.4,Marvin Jones JAX WR,,,,,,,,,,,,,
,,,,,252,21.09,249.3,Cedrick Wilson MIA WR,WR101,,,,,,,252,22.01,253.1,Amari Rodgers GB WR,WR98,,,,,,,,252,22.09,260.9,Rookie 4.06 Pick,,,,,,,,,,,,,
,,,,,253,21.11,251.0,C.J. Uzomah NYJ TE,TE34,,,,,,,253,22.01,253.3,Samaje Perine CIN RB,RB79,,,,,,,,253,22.10,261.7,Jonnu Smith NE TE,,,,,,,,,,,,,
,,,,,254,21.11,251.5,Myles Gaskin MIA RB,RB76,,,,,,,254,22.02,254.3,Justyn Ross KC WR,WR99,,,,,,,,254,22.11,263.3,Zay Jones JAX WR,,,,,,,,,,,,,
,,,,,255,22.01,253.2,Kevin Harris NE RB,RB77,,,,,,,255,22.02,254.5,Adam Trautman NO TE,TE34,,,,,,,,255,22.12,263.9,Teddy Bridgewater MIA QB,,,,,,,,,,,,,
,,,,,256,22.02,254.1,Darrel Williams ARI RB,RB78,,,,,,,256,22.03,255.4,A.J. Green ARI WR,WR100,,,,,,,,256,22.12,264.2,Sammy Watkins GB WR,,,,,,,,,,,,,
,,,,,257,22.02,254.1,Daniel Bellinger NYG TE,TE35,,,,,,,257,22.04,255.6,Mike Davis BAL RB,RB80,,,,,,,,257,22.12,264.5,James Washington DAL WR,,,,,,,,,,,,,
,,,,,258,22.04,255.9,Jeremy Ruckert NYJ TE,TE36,,,,,,,258,22.05,256.7,Zack Moss BUF RB,RB81,,,,,,,,258,23.01,265.0,Taysom Hill NO TE,,,,,,,,,,,,,
,,,,,259,22.05,256.9,Geno Smith SEA QB,QB44,,,,,,,259,22.06,257.7,Kendrick Bourne NE WR,WR101,,,,,,,,259,23.02,265.6,Jacoby Brissett CLE QB,,,,,,,,,,,,,
,,,,,260,22.05,257.5,Kenyan Drake RB,RB79,,,,,,,260,22.07,258.9,Jamison Crowder BUF WR,WR102,,,,,,,,260,23.02,266.0,Rookie 4.07 Pick,,,,,,,,,,,,,
,,,,,261,22.05,257.5,Chris Evans CIN RB,RB80,,,,,,,261,22.08,260.2,Tommy Tremble CAR TE,TE35,,,,,,,,261,23.02,266.4,Nick Westbrook-Ikhine TEN WR,,,,,,,,,,,,,
,,,,,262,22.06,257.6,Abram Smith NO RB,RB81,,,,,,,262,22.08,260.4,Chris Evans CIN RB,RB82,,,,,,,,262,23.04,267.6,Mark Ingram NO RB,,,,,,,,,,,,,
,,,,,263,22.07,258.9,A.J. Green ARI WR,WR102,,,,,,,263,22.09,260.9,Calvin Austin PIT WR,WR103,,,,,,,,263,23.05,269.2,Rookie 4.08 Pick,,,,,,,,,,,,,
,,,,,264,22.08,260.4,Marvin Jones JAX WR,WR103,,,,,,,264,22.10,262.2,Boston Scott PHI RB,RB83,,,,,,,,264,23.06,270.4,Anthony Schwartz CLE WR,,,,,,,,,,,,,
,,,,,265,22.10,261.7,Jonnu Smith NE TE,TE37,,,,,,,265,22.12,263.7,Mo Alie-Cox IND TE,TE36,,,,,,,,265,23.06,270.5,Mo Alie-Cox IND TE,,,,,,,,,,,,,
,,,,,266,22.11,263.3,Zay Jones JAX WR,WR104,,,,,,,266,22.12,263.9,Tyler Conklin NYJ TE,TE37,,,,,,,,266,23.07,270.7,Sterling Shepard NYG WR,,,,,,,,,,,,,
,,,,,267,22.12,263.9,Teddy Bridgewater MIA QB,QB45,,,,,,,267,22.12,264.4,Gardner Minshew PHI QB,QB44,,,,,,,,267,23.07,271.5,Donald Parham LAC TE,,,,,,,,,,,,,
,,,,,268,22.12,264.2,Sammy Watkins GB WR,WR105,,,,,,,268,23.01,265.0,Tim Patrick DEN WR,WR104,,,,,,,,268,23.08,272.0,Jaret Patterson WAS RB,,,,,,,,,,,,,
,,,,,269,22.12,264.5,James Washington DAL WR,WR106,,,,,,,269,23.02,265.9,Cameron Brate TB TE,TE38,,,,,,,,269,23.08,272.3,Braxton Berrios NYJ WR,,,,,,,,,,,,,
,,,,,270,23.01,265.0,Taysom Hill NO TE,TE38,,,,,,,270,23.03,267.4,Cedrick Wilson MIA WR,WR105,,,,,,,,270,23.09,272.6,Olamide Zaccheaus ATL WR,,,,,,,,,,,,,
,,,,,271,23.02,265.6,Jacoby Brissett CLE QB,QB46,,,,,,,271,23.07,271.0,James Proche BAL WR,WR106,,,,,,,,271,23.09,273.2,Rookie 4.09 Pick,,,,,,,,,,,,,
,,,,,272,23.02,266.4,Nick Westbrook-Ikhine TEN WR,WR107,,,,,,,272,23.07,271.2,Taysom Hill NO TE,TE39,,,,,,,,272,23.09,273.5,Harrison Bryant CLE TE,,,,,,,,,,,,,
,,,,,273,23.04,267.6,Mark Ingram NO RB,RB82,,,,,,,273,23.07,271.2,Chigoziem Okonkwo TEN TE,TE39,,,,,,,,273,23.10,274.3,Samaje Perine CIN RB,,,,,,,,,,,,,
,,,,,274,23.06,270.4,Anthony Schwartz CLE WR,WR108,,,,,,,274,23.08,272.4,Randall Cobb GB WR,WR107,,,,,,,,274,23.11,275.3,Kellen Mond MIN QB,,,,,,,,,,,,,
,,,,,275,23.06,270.5,Mo Alie-Cox IND TE,TE39,,,,,,,275,23.09,273.4,Trestan Ebner CHI RB,RB84,,,,,,,,275,23.11,275.4,Zack Moss BUF RB,,,,,,,,,,,,,
,,,,,276,23.07,270.7,Sterling Shepard NYG WR,WR109,,,,,,,276,23.10,273.8,Rex Burkhead HOU RB,RB85,,,,,,,,276,23.12,275.7,Rookie 4.10 Pick,,,,,,,,,,,,,
,,,,,277,23.07,271.5,Donald Parham LAC TE,TE40,,,,,,,277,23.11,274.6,Marquez Callaway NO WR,WR108,,,,,,,,277,24.02,278.3,Matt Breida NYG RB,,,,,,,,,,,,,
,,,,,278,23.08,272.0,Jaret Patterson WAS RB,RB83,,,,,,,278,23.11,275.2,William Fuller WR,WR109,,,,,,,,278,24.02,278.5,Damien Williams ATL RB,,,,,,,,,,,,,
,,,,,279,23.08,272.3,Braxton Berrios NYJ WR,WR110,,,,,,,279,23.12,276.0,Jerick McKinnon KC RB,RB86,,,,,,,,279,24.03,279.2,Dyami Brown WAS WR,,,,,,,,,,,,,
,,,,,280,23.09,272.6,Olamide Zaccheaus ATL WR,WR111,,,,,,,280,24.02,278.1,Erik Ezukanma MIA WR,WR110,,,,,,,,280,24.04,280.2,Rookie 4.11 Pick,,,,,,,,,,,,,
,,,,,281,23.09,272.8,Bo Melton SEA WR,WR112,,,,,,,281,24.03,278.8,Sam Darnold CAR QB,QB45,,,,,,,,281,24.06,281.6,Jalen Guyton LAC WR,,,,,,,,,,,,,
,,,,,282,23.09,273.5,Harrison Bryant CLE TE,TE41,,,,,,,282,24.03,279.4,Jalen Reagor PHI WR,WR111,,,,,,,,282,24.06,281.8,Jalen Reagor PHI WR,,,,,,,,,,,,,
,,,,,283,23.10,274.3,Samaje Perine CIN RB,RB84,,,,,,,283,24.04,280.2,Rob Gronkowski TE,TE41,,,,,,,,283,24.06,282.0,Cameron Brate TB TE,,,,,,,,,,,,,
,,,,,284,23.11,275.3,Kellen Mond MIN QB,QB47,,,,,,,284,24.05,280.8,Ke'Shawn Vaughn TB RB,RB87,,,,,,,,284,24.07,282.9,Byron Pringle CHI WR,,,,,,,,,,,,,
,,,,,285,23.11,275.4,Zack Moss BUF RB,RB85,,,,,,,285,24.05,281.0,Jeremy Ruckert NYJ TE,TE42,,,,,,,,285,24.09,284.5,Quez Watkins PHI WR,,,,,,,,,,,,,
,,,,,286,24.01,276.6,Chigoziem Okonkwo TEN TE,TE42,,,,,,,286,24.05,281.2,Sterling Shepard NYG WR,WR112,,,,,,,,286,24.10,285.9,Rookie 4.12 Pick,,,,,,,,,,,,,
,,,,,287,24.02,278.3,Matt Breida NYG RB,RB86,,,,,,,287,24.07,283.0,Jonnu Smith NE TE,TE43,,,,,,,,287,24.10,286.3,Foster Moreau LV TE,,,,,,,,,,,,,
,,,,,288,24.02,278.5,Bailey Zappe NE QB,QB48,,,,,,,288,24.07,283.2,Braxton Berrios NYJ WR,WR113,,,,,,,,288,24.11,287.3,Noah Gray KC TE,,,,,,,,,,,,,
,,,,,289,24.02,278.5,Damien Williams ATL RB,RB87,,,,,,,289,24.08,283.7,Donald Parham LAC TE,TE44,,,,,,,,289,24.12,288.1,Randall Cobb GB WR,,,,,,,,,,,,,
,,,,,290,24.03,279.2,Dyami Brown WAS WR,WR113,,,,,,,290,24.08,283.9,Quez Watkins PHI WR,WR114,,,,,,,,290,25.02,289.7,Tylan Wallace BAL WR,,,,,,,,,,,,,
,,,,,291,24.04,280.2,Kennedy Brooks PHI RB,RB88,,,,,,,291,24.09,284.9,Matt Breida NYG RB,RB88,,,,,,,,291,25.02,289.8,O.J. Howard BUF TE,,,,,,,,,,,,,
,,,,,292,24.05,281.2,Charlie Kolar BAL TE,TE43,,,,,,,292,24.10,285.9,Jalen Guyton LAC WR,WR115,,,,,,,,292,25.02,290.5,Jeff Wilson SF RB,,,,,,,,,,,,,
,,,,,293,24.06,281.6,Jalen Guyton LAC WR,WR114,,,,,,,293,24.10,286.5,Denzel Mims NYJ WR,WR116,,,,,,,,293,25.06,293.9,Taylor Heinicke WAS QB,,,,,,,,,,,,,
,,,,,294,24.06,281.8,Jalen Reagor PHI WR,WR115,,,,,,,294,25.03,290.6,Myles Gaskin MIA RB,RB89,,,,,,,,294,25.06,294.1,Dontrell Hilliard TEN RB,,,,,,,,,,,,,
,,,,,295,24.06,282.0,Cameron Brate TB TE,TE44,,,,,,,295,25.06,293.8,Byron Pringle CHI WR,WR117,,,,,,,,295,25.06,294.2,James White RB,,,,,,,,,,,,,
,,,,,296,24.07,282.9,Byron Pringle CHI WR,WR116,,,,,,,296,25.06,293.8,Joshua Kelley LAC RB,RB90,,,,,,,,296,25.07,294.6,Mike Davis BAL RB,,,,,,,,,,,,,
,,,,,297,24.08,284.1,Isaiah Likely BAL TE,TE45,,,,,,,297,25.07,294.6,Damien Williams ATL RB,RB91,,,,,,,,297,25.07,294.8,Ricky Seals-Jones NYG TE,,,,,,,,,,,,,
,,,,,298,24.09,284.5,Quez Watkins PHI WR,WR117,,,,,,,298,25.07,294.9,Benny Snell PIT RB,RB92,,,,,,,,298,25.08,296.0,Ihmir Smith-Marsette MIN WR,,,,,,,,,,,,,
,,,,,299,24.10,286.3,Foster Moreau LV TE,TE46,,,,,,,299,25.07,295.3,C.J. Uzomah NYJ TE,TE45,,,,,,,,299,25.08,296.1,Dee Eskridge SEA WR,,,,,,,,,,,,,
,,,,,300,24.11,287.0,Carson Strong PHI QB,QB49,,,,,,,300,25.10,298.1,Kevin Harris NE RB,RB93,,,,,,,,300,25.09,296.6,Jauan Jennings SF WR,,,,,,,,,,,,,
,,,,,301,24.11,287.3,Noah Gray KC TE,TE47,,,,,,,301,25.11,299.2,Julius Chestnut TEN RB,RB94,,,,,,,,301,25.09,297.4,Isaiah McKenzie BUF WR,,,,,,,,,,,,,
,,,,,302,24.12,288.1,Randall Cobb GB WR,WR118,,,,,,,302,25.12,299.5,Sam Ehlinger IND QB,QB46,,,,,,,,302,25.11,299.0,Quintez Cephus DET WR,,,,,,,,,,,,,
,,,,,303,24.12,288.4,Jake Ferguson DAL TE,TE48,,,,,,,303,25.12,299.7,Tutu Atwell LAR WR,WR118,,,,,,,,303,25.12,299.9,Tyler Conklin NYJ TE,,,,,,,,,,,,,
,,,,,304,25.02,289.7,Tylan Wallace BAL WR,WR119,,,,,,,304,26.01,301.1,Kene Nwangwu MIN RB,RB95,,,,,,,,304,26.01,300.9,Justin Jackson DET RB,,,,,,,,,,,,,
,,,,,305,25.02,289.8,O.J. Howard BUF TE,TE49,,,,,,,305,26.01,301.5,Anthony Schwartz CLE WR,WR119,,,,,,,,305,26.03,303.4,Tony Jones NO RB,,,,,,,,,,,,,
,,,,,306,25.02,290.5,Jeff Wilson SF RB,RB89,,,,,,,306,26.02,301.7,Olamide Zaccheaus ATL WR,WR120,,,,,,,,306,26.03,303.4,Kylen Granson IND TE,,,,,,,,,,,,,
,,,,,307,25.06,293.9,Taylor Heinicke WAS QB,QB50,,,,,,,307,26.02,301.8,Jauan Jennings SF WR,WR121,,,,,,,,307,26.04,303.8,Boston Scott PHI RB,,,,,,,,,,,,,
,,,,,308,25.06,294.1,Dontrell Hilliard TEN RB,RB90,,,,,,,308,26.03,302.7,Harrison Bryant CLE TE,TE46,,,,,,,,308,26.04,304.4,Antonio Brown WR,,,,,,,,,,,,,
,,,,,309,25.06,294.2,James White RB,RB91,,,,,,,309,26.03,303.2,Bailey Zappe NE QB,QB47,,,,,,,,309,26.05,304.9,John Bates WAS TE,,,,,,,,,,,,,
,,,,,310,25.07,294.6,Mike Davis BAL RB,RB92,,,,,,,310,26.04,304.2,Teddy Bridgewater MIA QB,QB48,,,,,,,,310,26.05,305.0,Dan Arnold JAX TE,,,,,,,,,,,,,
,,,,,311,25.07,294.8,Ricky Seals-Jones NYG TE,TE50,,,,,,,311,26.05,304.7,Equanimeous St. Brown CHI WR,WR122,,,,,,,,311,26.07,306.6,Tyrod Taylor NYG QB,,,,,,,,,,,,,
,,,,,312,25.08,296.0,Ihmir Smith-Marsette MIN WR,WR120,,,,,,,312,26.05,305.1,Foster Moreau LV TE,TE47,,,,,,,,312,26.07,307.2,Darius Slayton NYG WR,,,,,,,,,,,,,
,,,,,313,25.08,296.1,Dee Eskridge SEA WR,WR121,,,,,,,313,26.06,305.9,James Washington DAL WR,WR123,,,,,,,,313,26.08,308.1,Derrius Guice RB,,,,,,,,,,,,,
,,,,,314,25.09,296.6,Jauan Jennings SF WR,WR122,,,,,,,314,26.06,306.0,Joe Flacco NYJ QB,QB49,,,,,,,,314,26.12,311.5,Kene Nwangwu MIN RB,,,,,,,,,,,,,
,,,,,315,25.09,297.4,Isaiah McKenzie BUF WR,WR123,,,,,,,315,26.07,307.4,O.J. Howard BUF TE,TE48,,,,,,,,315,26.12,311.6,Benny Snell PIT RB,,,,,,,,,,,,,
,,,,,316,25.11,299.0,Quintez Cephus DET WR,WR124,,,,,,,316,26.08,308.4,Noah Gray KC TE,TE49,,,,,,,,316,27.01,313.1,Denzel Mims NYJ WR,,,,,,,,,,,,,
,,,,,317,25.12,299.5,Jalen Wydermyer NE TE,TE51,,,,,,,317,26.11,311.2,Taylor Heinicke WAS QB,QB50,,,,,,,,317,27.03,315.0,Kylin Hill GB RB,,,,,,,,,,,,,
,,,,,318,25.12,299.8,Erik Ezukanma MIA WR,WR125,,,,,,,318,27.03,315.0,Tyrod Taylor NYG QB,QB51,,,,,,,,318,27.03,315.5,Tutu Atwell LAR WR,,,,,,,,,,,,,
,,,,,319,25.12,299.9,Tyler Conklin NYJ TE,TE52,,,,,,,319,27.04,316.4,Jashaun Corbin NYG RB,RB96,,,,,,,,319,27.05,316.9,Auden Tate WR,,,,,,,,,,,,,
,,,,,320,26.01,300.9,Justin Jackson DET RB,RB93,,,,,,,320,27.05,316.8,Nelson Agholor NE WR,WR124,,,,,,,,320,27.05,317.3,N'Keal Harry CHI WR,,,,,,,,,,,,,
,,,,,321,26.03,303.4,Tony Jones NO RB,RB94,,,,,,,321,27.06,318.3,Abram Smith NO RB,RB97,,,,,,,,321,27.06,318.3,Phillip Lindsay IND RB,,,,,,,,,,,,,
,,,,,322,26.03,303.4,Kylen Granson IND TE,TE53,,,,,,,322,27.08,320.4,Kyle Rudolph TB TE,TE50,,,,,,,,322,27.07,319.0,Josh Reynolds DET WR,,,,,,,,,,,,,
,,,,,323,26.04,303.8,Boston Scott PHI RB,RB95,,,,,,,323,27.08,320.5,Kellen Mond MIN QB,QB52,,,,,,,,323,27.07,319.1,Rex Burkhead HOU RB,,,,,,,,,,,,,
,,,,,324,26.04,304.4,Antonio Brown WR,WR126,,,,,,,324,27.10,321.8,Dyami Brown WAS WR,WR125,,,,,,,,324,27.08,320.4,Hunter Long MIA TE,,,,,,,,,,,,,
,,,,,325,26.05,304.9,John Bates WAS TE,TE54,,,,,,,325,27.10,322.2,N'Keal Harry CHI WR,WR126,,,,,,,,325,27.10,321.6,Giovani Bernard TB RB,,,,,,,,,,,,,
,,,,,326,26.05,305.0,Dan Arnold JAX TE,TE55,,,,,,,326,27.12,323.9,Darius Slayton NYG WR,WR127,,,,,,,,326,27.11,323.2,Josh Gordon KC WR,,,,,,,,,,,,,
,,,,,327,26.07,306.6,Tyrod Taylor NYG QB,QB51,,,,,,,327,28.01,325.0,Tyler Johnson TB WR,WR128,,,,,,,,327,28.01,324.8,Antoine Wesley ARI WR,,,,,,,,,,,,,
,,,,,328,26.07,307.2,Darius Slayton NYG WR,WR127,,,,,,,328,28.02,325.7,Charlie Kolar BAL TE,TE51,,,,,,,,328,28.01,325.3,Andy Dalton NO QB,,,,,,,,,,,,,
,,,,,329,26.08,308.1,Derrius Guice RB,RB96,,,,,,,329,28.02,326.2,Deon Jackson IND RB,RB98,,,,,,,,329,28.01,325.4,Tyler Johnson TB WR,,,,,,,,,,,,,
,,,,,330,26.11,310.6,Trestan Ebner CHI RB,RB97,,,,,,,330,28.03,327.1,Kennedy Brooks PHI RB,RB99,,,,,,,,330,28.02,325.6,Deonte Harty NO WR,,,,,,,,,,,,,
,,,,,331,26.12,311.5,Kene Nwangwu MIN RB,RB98,,,,,,,331,28.04,328.3,Ashton Dulin IND WR,WR129,,,,,,,,331,28.02,325.7,Nick Foles IND QB,,,,,,,,,,,,,
,,,,,332,26.12,311.6,Benny Snell PIT RB,RB99,,,,,,,332,28.04,328.4,DeeJay Dallas SEA RB,RB100,,,,,,,,332,28.02,325.8,Jermar Jefferson DET RB,,,,,,,,,,,,,
,,,,,333,27.01,313.1,Denzel Mims NYJ WR,WR128,,,,,,,333,28.05,328.9,Andy Dalton NO QB,QB53,,,,,,,,333,28.02,326.1,James Proche BAL WR,,,,,,,,,,,,,
,,,,,334,27.03,315.0,Kylin Hill GB RB,RB100,,,,,,,334,28.05,329.1,Ihmir Smith-Marsette MIN WR,WR130,,,,,,,,334,28.04,328.1,Tre' McKitty LAC TE,,,,,,,,,,,,,
,,,,,335,27.03,315.1,Jashaun Corbin NYG RB,RB101,,,,,,,335,28.05,329.3,Josh Reynolds DET WR,WR131,,,,,,,,335,28.05,329.3,Cam Newton QB,,,,,,,,,,,,,
,,,,,336,27.03,315.5,Tutu Atwell LAR WR,WR129,,,,,,,336,28.06,329.8,Travis Homer SEA RB,RB101,,,,,,,,336,28.06,330.1,Case Keenum BUF QB,,,,,,,,,,,,,
,,,,,337,27.05,316.9,Auden Tate WR,WR130,,,,,,,337,28.06,330.3,Justice Hill BAL RB,RB102,,,,,,,,337,28.07,330.6,Josiah Deguara GB TE,,,,,,,,,,,,,
,,,,,338,27.05,317.3,N'Keal Harry CHI WR,WR131,,,,,,,338,28.07,331.1,John Bates WAS TE,TE52,,,,,,,,338,28.08,331.9,Ashton Dulin IND WR,,,,,,,,,,,,,
,,,,,339,27.06,318.3,Phillip Lindsay IND RB,RB102,,,,,,,339,28.07,331.1,Brycen Hopkins LAR TE,TE53,,,,,,,,339,28.08,332.0,Sam Ehlinger IND QB,,,,,,,,,,,,,
,,,,,340,27.07,319.0,Josh Reynolds DET WR,WR132,,,,,,,340,28.08,332.2,Dee Eskridge SEA WR,WR132,,,,,,,,340,28.09,332.8,Jacob Harris LAR WR,,,,,,,,,,,,,
,,,,,341,27.07,319.1,Rex Burkhead HOU RB,RB103,,,,,,,341,28.09,332.5,Kylen Granson IND TE,TE54,,,,,,,,341,28.09,333.1,Derrick Gore RB,,,,,,,,,,,,,
,,,,,342,27.08,320.4,Hunter Long MIA TE,TE56,,,,,,,342,28.09,332.7,Demetric Felton CLE RB,RB103,,,,,,,,342,28.10,333.5,Tre'Quan Smith NO WR,,,,,,,,,,,,,
,,,,,343,27.10,321.6,Giovani Bernard TB RB,RB104,,,,,,,343,28.10,334.0,Jalen Nailor MIN WR,WR133,,,,,,,,343,28.11,335.4,Nelson Agholor NE WR,,,,,,,,,,,,,
,,,,,344,27.11,323.2,Josh Gordon KC WR,WR133,,,,,,,344,28.11,334.8,Cole Beasley WR,WR134,,,,,,,,344,28.12,336.0,Mike Boone DEN RB,,,,,,,,,,,,,
,,,,,345,27.11,323.3,ZaQuandre White MIA RB,RB105,,,,,,,345,28.11,334.9,Jalen Wydermyer NE TE,TE55,,,,,,,,345,28.12,336.0,Laquon Treadwell JAX WR,,,,,,,,,,,,,
,,,,,346,28.01,324.8,Antoine Wesley ARI WR,WR134,,,,,,,346,28.12,336.2,Jaret Patterson WAS RB,RB104,,,,,,,,346,29.02,337.5,Jaelon Darden TB WR,,,,,,,,,,,,,
,,,,,347,28.01,325.3,Andy Dalton NO QB,QB52,,,,,,,347,29.01,337.2,Craig Reynolds DET RB,RB105,,,,,,,,347,29.02,337.6,Larry Rountree LAC RB,,,,,,,,,,,,,
,,,,,348,28.01,325.4,Tyler Johnson TB WR,WR135,,,,,,,348,29.02,337.9,Josh Gordon KC WR,WR135,,,,,,,,348,29.02,338.3,Dez Fitzpatrick TEN WR,,,,,,,,,,,,,
,,,,,349,28.02,325.6,Deonte Harty NO WR,WR136,,,,,,,349,29.02,338.1,Kylin Hill GB RB,RB106,,,,,,,,349,29.02,338.4,Darrynton Evans CHI RB,,,,,,,,,,,,,
,,,,,350,28.02,325.7,Nick Foles IND QB,QB53,,,,,,,350,29.02,338.4,Bo Melton SEA WR,WR136,,,,,,,,350,29.03,338.6,Brycen Hopkins LAR TE,,,,,,,,,,,,,
,,,,,351,28.02,325.8,Jermar Jefferson DET RB,RB106,,,,,,,351,29.03,338.7,Case Keenum BUF QB,QB54,,,,,,,,351,29.03,339.4,Jerick McKinnon KC RB,,,,,,,,,,,,,
,,,,,352,28.02,326.1,James Proche BAL WR,WR137,,,,,,,352,29.03,339.0,ZaQuandre White MIA RB,RB107,,,,,,,,352,29.05,340.5,Cole Beasley WR,,,,,,,,,,,,,
,,,,,353,28.02,326.3,Jalen Nailor MIN WR,WR138,,,,,,,353,29.04,339.5,Deonte Harty NO WR,WR137,,,,,,,,353,29.06,342.1,Equanimeous St. Brown CHI WR,,,,,,,,,,,,,
,,,,,354,28.03,326.7,Max Borghi PIT RB,RB107,,,,,,,354,29.04,339.8,Cole Turner WAS TE,TE56,,,,,,,,354,29.07,343.1,Dazz Newsome WR,,,,,,,,,,,,,
,,,,,355,28.04,328.1,Tre' McKitty LAC TE,TE57,,,,,,,355,29.04,339.9,Chris Carson RB,RB108,,,,,,,,355,29.07,343.1,Duke Johnson BUF RB,,,,,,,,,,,,,
,,,,,356,28.04,328.4,Jerrion Ealy KC RB,RB108,,,,,,,356,29.04,340.0,Quintez Cephus DET WR,WR138,,,,,,,,356,29.08,344.1,T.Y. Hilton WR,,,,,,,,,,,,,
,,,,,357,28.05,329.3,Cam Newton QB,QB54,,,,,,,357,29.05,340.7,Tylan Wallace BAL WR,WR139,,,,,,,,357,29.09,345.2,Demetric Felton CLE RB,,,,,,,,,,,,,
,,,,,358,28.06,330.1,Case Keenum BUF QB,QB55,,,,,,,358,29.06,341.8,Tyler Goodson GB RB,RB109,,,,,,,,358,29.10,346.2,Zach Pascal PHI WR,,,,,,,,,,,,,
,,,,,359,28.07,330.6,Josiah Deguara GB TE,TE58,,,,,,,359,29.06,342.2,Josiah Deguara GB TE,TE57,,,,,,,,359,29.12,347.6,JaMycal Hasty SF RB,,,,,,,,,,,,,
,,,,,360,28.08,331.9,Ashton Dulin IND WR,WR139,,,,,,,360,29.09,345.3,Dan Arnold JAX TE,TE58,,,,,,,,360,30.06,353.6,Scott Miller TB WR,,,,,,,,,,,,,
,,,,,361,28.08,332.0,Sam Ehlinger IND QB,QB56,,,,,,,361,30.01,349.4,Zach Pascal PHI WR,WR140,,,,,,,,361,30.08,355.9,Craig Reynolds DET RB,,,,,,,,,,,,,
,,,,,362,28.09,332.8,Jacob Harris LAR WR,WR140,,,,,,,362,30.03,351.0,Zonovan Knight NYJ RB,RB110,,,,,,,,,,,,,,,,,,,,,,,,
,,,,,363,28.09,333.1,Derrick Gore RB,RB109,,,,,,,363,30.04,352.2,Phillip Lindsay IND RB,RB111,,,,,,,,,,,,,,,,,,,,,,,,
,,,,,364,28.10,333.5,Tre'Quan Smith NO WR,WR141,,,,,,,364,30.05,352.5,Carson Strong PHI QB,QB55,,,,,,,,,,,,,,,,,,,,,,,,
,,,,,365,28.10,333.6,Julius Chestnut TEN RB,RB110,,,,,,,365,30.05,352.7,Nick Foles IND QB,QB56,,,,,,,,,,,,,,,,,,,,,,,,
,,,,,366,28.11,335.4,Nelson Agholor NE WR,WR142,,,,,,,366,30.05,353.3,Rashard Higgins CAR WR,WR141,,,,,,,,,,,,,,,,,,,,,,,,
,,,,,367,28.12,335.6,Zonovan Knight NYJ RB,RB111,,,,,,,367,30.06,354.3,Tony Jones NO RB,RB112,,,,,,,,,,,,,,,,,,,,,,,,
,,,,,368,28.12,335.8,Tyler Goodson GB RB,RB112,,,,,,,368,30.06,354.3,Giovani Bernard TB RB,RB113,,,,,,,,,,,,,,,,,,,,,,,,
,,,,,369,28.12,336.0,Mike Boone DEN RB,RB113,,,,,,,369,30.07,354.5,Justin Jackson DET RB,RB114,,,,,,,,,,,,,,,,,,,,,,,,
,,,,,370,28.12,336.0,Laquon Treadwell JAX WR,WR143,,,,,,,370,30.08,355.9,Hunter Long MIA TE,TE59,,,,,,,,,,,,,,,,,,,,,,,,
,,,,,371,29.01,337.1,Sincere McCormick LV RB,RB114,,,,,,,371,30.10,358.4,Antonio Brown WR,WR142,,,,,,,,,,,,,,,,,,,,,,,,
,,,,,372,29.02,337.5,Jaelon Darden TB WR,WR144,,,,,,,372,31.02,361.8,Jaelon Darden TB WR,WR143,,,,,,,,,,,,,,,,,,,,,,,,
,,,,,373,29.02,337.6,Larry Rountree LAC RB,RB115,,,,,,,373,31.04,363.9,Tre' McKitty LAC TE,TE60,,,,,,,,,,,,,,,,,,,,,,,,
,,,,,374,29.02,338.3,Dez Fitzpatrick TEN WR,WR145,,,,,,,374,31.05,365.3,Laquon Treadwell JAX WR,WR144,,,,,,,,,,,,,,,,,,,,,,,,
,,,,,375,29.02,338.4,Darrynton Evans CHI RB,RB116,,,,,,,375,31.06,366.1,James White RB,RB115,,,,,,,,,,,,,,,,,,,,,,,,
,,,,,376,29.03,338.6,Brycen Hopkins LAR TE,TE59,,,,,,,376,31.08,367.6,Jerrion Ealy KC RB,RB116,,,,,,,,,,,,,,,,,,,,,,,,
,,,,,377,29.03,339.4,Jerick McKinnon KC RB,RB117,,,,,,,,,,,,,,,,,,,,,,,,,,,,,,,,,,,
,,,,,378,29.03,339.4,D'Vonte Price IND RB,RB117,,,,,,,,,,,,,,,,,,,,,,,,,,,,,,,,,,,
,,,,,379,29.05,340.5,Cole Beasley WR,WR146,,,,,,,,,,,,,,,,,,,,,,,,,,,,,,,,,,,
,,,,,380,29.06,342.0,Kevin Austin JAX WR,WR147,,,,,,,,,,,,,,,,,,,,,,,,,,,,,,,,,,,
,,,,,381,29.06,342.1,Equanimeous St. Brown CHI WR,WR148,,,,,,,,,,,,,,,,,,,,,,,,,,,,,,,,,,,
,,,,,382,29.07,343.1,Dazz Newsome WR,WR149,,,,,,,,,,,,,,,,,,,,,,,,,,,,,,,,,,,
,,,,,383,29.07,343.1,Duke Johnson BUF RB,RB119,,,,,,,,,,,,,,,,,,,,,,,,,,,,,,,,,,,
,,,,,384,29.07,343.4,Cole Turner WAS TE,TE60,,,,,,,,,,,,,,,,,,,,,,,,,,,,,,,,,,,
,,,,,385,29.08,344.1,T.Y. Hilton WR,WR150,,,,,,,,,,,,,,,,,,,,,,,,,,,,,,,,,,,
,,,,,386,29.09,345.2,Demetric Felton CLE RB,RB120,,,,,,,,,,,,,,,,,,,,,,,,,,,,,,,,,,,
,,,,,387,29.10,346.2,Zach Pascal PHI WR,WR151,,,,,,,,,,,,,,,,,,,,,,,,,,,,,,,,,,,
,,,,,388,29.12,347.6,JaMycal Hasty SF RB,RB121,,,,,,,,,,,,,,,,,,,,,,,,,,,,,,,,,,,
,,,,,389,30.06,353.6,Scott Miller TB WR,WR152,,,,,,,,,,,,,,,,,,,,,,,,,,,,,,,,,,,
,,,,,390,30.08,355.9,Craig Reynolds DET RB,RB122,,,,,,,,,,,,,,,,,,,,,,,,,,,,,,,,,,,